family,task,run_name,seed,lr,weight_decay,batch_size,val_batch_size,max_epochs,patience,print_every,grad_clip_norm,best_epoch,epoch,train_loss,val_loss,score,joint_accuracy,building_accuracy,floor_accuracy,dropout,params,d_model,nhead,num_layers,dim_feedforward,coordinate_mean_euclidean,coordinate_rmse,coordinate_mean_euclidean_m,coordinate_rmse_m,num_heads,num_sab_layers,num_seed_vectors
standard,joint,standard_joint_base_2e3_wd1e4,42,0.002,0.0001,256,512,30,5,5,1.0,7,7.0,0.38460921563905814,0.3483019189374282,0.9153915377053776,0.9153915377053776,0.9972997299729973,0.9171917177233795,0.1,350861,128,4.0,2.0,256,,,,,,,
standard,joint,standard_joint_stable_1e3_wd1e4,42,0.001,0.0001,256,512,50,10,5,1.0,23,23.0,0.07680054043192212,0.2825024151767191,0.9504950474662678,0.9504950474662678,1.0,0.9504950474662678,0.1,350861,128,4.0,2.0,256,,,,,,,
standard,joint,standard_joint_reg_1e3_wd5e4,42,0.001,0.0005,256,512,50,10,5,1.0,29,29.0,0.035338215690986045,0.3043600111582814,0.9504950500950955,0.9504950500950955,1.0,0.9504950500950955,0.1,350861,128,4.0,2.0,256,,,,,,,
standard,joint,standard_joint_low_5e4_wd1e4,42,0.0005,0.0001,256,512,60,12,5,1.0,26,26.0,0.04403852441331272,0.29132086599227225,0.9423942400140873,0.9423942400140873,0.9990999099909991,0.9432943300230883,0.1,350861,128,4.0,2.0,256,,,,,,,
standard,joint,standard_joint_lowreg_5e4_wd5e4,42,0.0005,0.0005,256,512,80,15,5,1.0,25,25.0,0.054920567323378,0.26365722871438324,0.9468946900590919,0.9468946900590919,0.9990999099909991,0.9468946900590919,0.1,350861,128,4.0,2.0,256,,,,,,,
standard,multitask,standard_mt_base_2e3_wd1e4,42,0.002,0.0001,256,512,30,5,5,1.0,14,14.0,0.059586385752492456,0.24701515231767718,0.9558955901491009,0.9558955901491009,0.9945994579073119,0.9567956801581018,0.1,366728,128,4.0,2.0,256,,,,,,,
standard,multitask,standard_mt_stable_1e3_wd1e4,42,0.001,0.0001,256,512,50,10,5,1.0,30,30.0,0.0535689554045353,0.22736243224970185,0.9576957681284199,0.9576957681284199,0.9990999079523164,0.9576957681284199,0.1,366728,128,4.0,2.0,256,,,,,,,
standard,multitask,standard_mt_reg_1e3_wd5e4,42,0.001,0.0005,256,512,50,10,5,1.0,28,28.0,0.06452146446823853,0.24491914061948483,0.9540954080924163,0.9540954080924163,0.9990999079523164,0.9540954080924163,0.1,366728,128,4.0,2.0,256,,,,,,,
standard,multitask,standard_mt_low_5e4_wd1e4,42,0.0005,0.0001,256,512,60,12,5,1.0,22,22.0,0.07365471031315923,0.24067367676353799,0.9441944206222342,0.9441944206222342,0.9954995479163128,0.9468946906492369,0.1,366728,128,4.0,2.0,256,,,,,,,
standard,multitask,standard_mt_lowreg_5e4_wd5e4,42,0.0005,0.0005,256,512,80,15,5,1.0,27,27.0,0.05685424580762742,0.2267309774776282,0.9522952301130972,0.9522952301130972,0.9963996379253137,0.9558955875202731,0.1,366728,128,4.0,2.0,256,,,,,,,
standard,coordinate,standard_coord_base_2e3_wd1e4,42,0.002,0.0001,256,512,30,5,5,1.0,22,22.0,0.0135252165200815,0.011711566550548178,-10.691303654061048,,,,0.1,349442,128,4.0,2.0,256,0.11949985579489283,0.1523935930438082,10.691303654061048,13.548610780124253,,,
standard,coordinate,standard_coord_stable_1e3_wd1e4,42,0.001,0.0001,256,512,50,10,5,1.0,48,48.0,0.010434238698426742,0.012526589376193033,-9.980649224440278,,,,0.1,349442,128,4.0,2.0,256,0.11456939825708114,0.1543055809071208,9.980649224440278,13.165649716045415,,,
standard,coordinate,standard_coord_reg_1e3_wd5e4,42,0.001,0.0005,256,512,50,10,5,1.0,35,35.0,0.011511897718505939,0.01311611177434962,-10.157654601685516,,,,0.1,349442,128,4.0,2.0,256,0.11677956577868841,0.1576910679909336,10.157654601685516,13.50713555561459,,,
standard,coordinate,standard_coord_low_5e4_wd1e4,42,0.0005,0.0001,256,512,60,12,5,1.0,41,41.0,0.011396486070036047,0.014428767777181337,-10.64708321906344,,,,0.1,349442,128,4.0,2.0,256,0.12190110189870293,0.16575266204404546,10.64708321906344,14.325345147364317,,,
standard,coordinate,standard_coord_lowreg_5e4_wd5e4,42,0.0005,0.0005,256,512,80,15,5,1.0,64,64.0,0.01106004672968717,0.013828802473246247,-10.631205875132812,,,,0.1,349442,128,4.0,2.0,256,0.12110677353095387,0.16279568360889055,10.631205875132812,14.186915857211996,,,
set,joint,set_joint_base_2e3_wd1e4,42,0.002,0.0001,256,512,30,5,5,1.0,1,1.0,2.5317087132324336,2.6080204371822298,0.03600360027956168,0.03600360027956168,0.24122412225129258,0.15481548170910345,0.1,483213,128,,,256,,,,,4.0,2.0,1.0
set,joint,set_joint_stable_1e3_wd1e4,42,0.001,0.0001,256,512,50,10,5,1.0,24,24.0,0.051124392462431015,0.37686921110247623,0.9243924410143594,0.9243924410143594,0.9963996379253137,0.9243924410143594,0.1,483213,128,,,256,,,,,4.0,2.0,1.0
set,joint,set_joint_reg_1e3_wd5e4,42,0.001,0.0005,256,512,50,10,5,1.0,20,20.0,0.1304658660705795,0.4236947493200148,0.9279927978313903,0.9279927978313903,0.9990999079523164,0.9279927978313903,0.1,483213,128,,,256,,,,,4.0,2.0,1.0
set,joint,set_joint_low_5e4_wd1e4,42,0.0005,0.0001,256,512,60,12,5,1.0,20,20.0,0.140748207346513,0.2500501576975377,0.9387938799780838,0.9387938799780838,0.9990999099909991,0.9387938799780838,0.1,483213,128,,,256,,,,,4.0,2.0,1.0
set,joint,set_joint_lowreg_5e4_wd5e4,42,0.0005,0.0005,256,512,80,15,5,1.0,43,43.0,0.034788185368642054,0.3377725601759609,0.9441944179934064,0.9441944179934064,0.9990999099909991,0.9441944179934064,0.1,483213,128,,,256,,,,,4.0,2.0,1.0
set,multitask,set_mt_base_2e3_wd1e4,42,0.002,0.0001,256,512,30,5,5,1.0,5,5.0,1.949403528703899,1.9993137836885495,0.22052205182967372,0.22052205182967372,0.7191719172990183,0.3492349228217299,0.1,499080,128,,,256,,,,,4.0,2.0,1.0
set,multitask,set_mt_stable_1e3_wd1e4,42,0.001,0.0001,256,512,50,10,5,1.0,32,32.0,0.058960956195226885,0.3645857086490662,0.9450945100410901,0.9450945100410901,0.9945994579073119,0.945994600050091,0.1,499080,128,,,256,,,,,4.0,2.0,1.0
set,multitask,set_mt_reg_1e3_wd5e4,42,0.001,0.0005,256,512,50,10,5,1.0,21,21.0,0.09066201962615444,0.3621960377017192,0.9333933378853957,0.9333933378853957,0.9981998199819982,0.9351935179033974,0.1,499080,128,,,256,,,,,4.0,2.0,1.0
set,multitask,set_mt_low_5e4_wd1e4,42,0.0005,0.0001,256,512,60,12,5,1.0,30,30.0,0.06043883621043904,0.27594267314720755,0.9441944200320892,0.9441944200320892,0.9954995499549955,0.9477947800680928,0.1,499080,128,,,256,,,,,4.0,2.0,1.0
set,multitask,set_mt_lowreg_5e4_wd5e4,42,0.0005,0.0005,256,512,80,15,5,1.0,38,38.0,0.030048693759016427,0.22861053889515054,0.9558955881104182,0.9558955881104182,0.9981998199819982,0.9567956781194191,0.1,499080,128,,,256,,,,,4.0,2.0,1.0
set,coordinate,set_coord_base_2e3_wd1e4,42,0.002,0.0001,256,512,30,5,5,1.0,22,22.0,0.013275304876526514,0.0159513155253257,-11.658532056365807,,,,0.1,481794,128,,,256,0.13219912541415113,0.17851197228570048,11.658532056365807,15.524725089295458,4.0,2.0,1.0
set,coordinate,set_coord_stable_1e3_wd1e4,42,0.001,0.0001,256,512,50,10,5,1.0,37,37.0,0.010545753144270028,0.013887639991556814,-10.921133438465361,,,,0.1,481794,128,,,256,0.12351129336997006,0.16404581281209957,10.921133438465361,14.142971122808678,4.0,2.0,1.0
set,coordinate,set_coord_reg_1e3_wd5e4,42,0.001,0.0005,256,512,50,10,5,1.0,37,37.0,0.010661761660360343,0.013415465356059487,-10.919728126913325,,,,0.1,481794,128,,,256,0.12342234348515245,0.16211056895640308,10.919728126913325,14.040860010480628,4.0,2.0,1.0
set,coordinate,set_coord_low_5e4_wd1e4,42,0.0005,0.0001,256,512,60,12,5,1.0,39,39.0,0.01268777724383674,0.014808441093987865,-11.80493676914606,,,,0.1,481794,128,,,256,0.13298413601955206,0.17086649104676,11.80493676914606,14.679612010144593,4.0,2.0,1.0
set,coordinate,set_coord_lowreg_5e4_wd5e4,42,0.0005,0.0005,256,512,80,15,5,1.0,39,39.0,0.012681234312647503,0.015213270026194577,-12.127828180386745,,,,0.1,481794,128,,,256,0.13619400424663727,0.1734572231313208,12.127828180386745,14.925199950306522,4.0,2.0,1.0
