scenario,score,joint_accuracy,building_accuracy,floor_accuracy,eval_loss,model,train_regime,coordinate_mean_euclidean,coordinate_rmse,coordinate_mean_euclidean_m,coordinate_rmse_m
clean,0.9459946155548096,0.9459946155548096,0.9981998205184937,0.9459946155548096,0.22295252071453794,transformer_joint,aug_train,,,,
dropout_0.05,0.9423942565917969,0.9423942565917969,0.9981998205184937,0.9423942565917969,0.22464961201140304,transformer_joint,aug_train,,,,
dropout_0.10,0.9360936284065247,0.9360936284065247,0.9981998205184937,0.9360936284065247,0.25330457936982437,transformer_joint,aug_train,,,,
dropout_0.15,0.9279928207397461,0.9279928207397461,0.9981998205184937,0.9279928207397461,0.2742889916757331,transformer_joint,aug_train,,,,
dropout_0.20,0.9297930002212524,0.9297930002212524,0.9990999102592468,0.9297930002212524,0.2719027756249765,transformer_joint,aug_train,,,,
dropout_0.25,0.9198920130729675,0.9198920130729675,0.9972997307777405,0.9198920130729675,0.2876768514822454,transformer_joint,aug_train,,,,
dropout_0.30,0.9126912951469421,0.9126912951469421,0.9981998205184937,0.9126912951469421,0.3397640798351552,transformer_joint,aug_train,,,,
dropout_0.35,0.8919892311096191,0.8919892311096191,0.9954995512962341,0.8919892311096191,0.4216973481952983,transformer_joint,aug_train,,,,
dropout_0.40,0.8874887824058533,0.8874887824058533,0.9981998205184937,0.8874887824058533,0.42945310535139053,transformer_joint,aug_train,,,,
dropout_0.45,0.8748875260353088,0.8748875260353088,0.9972997307777405,0.8748875260353088,0.5135061297461753,transformer_joint,aug_train,,,,
dropout_0.50,0.8505851030349731,0.8505851030349731,0.994599461555481,0.8514851927757263,0.568982580939893,transformer_joint,aug_train,,,,
dropout_0.60,0.7857785820960999,0.7857785820960999,0.9873987436294556,0.7884788513183594,0.7740027808477812,transformer_joint,aug_train,,,,
drop0.25_bias3_noise1,0.9216921925544739,0.9216921925544739,0.9972997307777405,0.922592282295227,0.2882157475104963,transformer_joint,aug_train,,,,
drop0.35_bias4_noise2,0.8991899490356445,0.8991899490356445,0.9963996410369873,0.9009901285171509,0.3856373339167165,transformer_joint,aug_train,,,,
drop0.40_bias5_noise3,0.8739874362945557,0.8739874362945557,0.9963996410369873,0.8748875260353088,0.47922285315584856,transformer_joint,aug_train,,,,
drop0.15_bias6_noise0,0.9261926412582397,0.9261926412582397,0.9990999102592468,0.9261926412582397,0.29030558190616157,transformer_joint,aug_train,,,,
bias5_only,0.937893807888031,0.937893807888031,0.9990999102592468,0.937893807888031,0.2397808431036616,transformer_joint,aug_train,,,,
noise3_only,0.9351935386657715,0.9351935386657715,0.9981998205184937,0.9351935386657715,0.2391708695156203,transformer_joint,aug_train,,,,
clean,0.9495949745178223,0.9495949745178223,0.9990999102592468,0.9495949745178223,0.22365453151917264,set_transformer_joint,aug_train,,,,
dropout_0.05,0.9468947052955627,0.9468947052955627,0.9990999102592468,0.9468947052955627,0.23517138848263974,set_transformer_joint,aug_train,,,,
dropout_0.10,0.9369937181472778,0.9369937181472778,0.9981998205184937,0.9369937181472778,0.28022312363534224,set_transformer_joint,aug_train,,,,
dropout_0.15,0.9252925515174866,0.9252925515174866,0.9972997307777405,0.9252925515174866,0.31932193660500025,set_transformer_joint,aug_train,,,,
dropout_0.20,0.9261926412582397,0.9261926412582397,0.9963996410369873,0.9261926412582397,0.3205145761759618,set_transformer_joint,aug_train,,,,
dropout_0.25,0.911791205406189,0.911791205406189,0.9981998205184937,0.911791205406189,0.31821986059151075,set_transformer_joint,aug_train,,,,
dropout_0.30,0.9162916541099548,0.9162916541099548,0.9954995512962341,0.9162916541099548,0.37379970210398994,set_transformer_joint,aug_train,,,,
dropout_0.35,0.8847885131835938,0.8847885131835938,0.994599461555481,0.8847885131835938,0.47146209111415405,set_transformer_joint,aug_train,,,,
dropout_0.40,0.8766877055168152,0.8766877055168152,0.9927992820739746,0.8784878849983215,0.5033635726176758,set_transformer_joint,aug_train,,,,
dropout_0.45,0.8559856414794922,0.8559856414794922,0.9891989231109619,0.8586859107017517,0.5790823931687593,set_transformer_joint,aug_train,,,,
dropout_0.50,0.8469847440719604,0.8469847440719604,0.9900990128517151,0.8487849235534668,0.6032510896881457,set_transformer_joint,aug_train,,,,
dropout_0.60,0.7668766975402832,0.7668766975402832,0.9783978462219238,0.7704770565032959,0.9813213683161834,set_transformer_joint,aug_train,,,,
drop0.25_bias3_noise1,0.9189919233322144,0.9189919233322144,0.994599461555481,0.9189919233322144,0.3222929653179313,set_transformer_joint,aug_train,,,,
drop0.35_bias4_noise2,0.8982898592948914,0.8982898592948914,0.9927992820739746,0.8982898592948914,0.42474408473225994,set_transformer_joint,aug_train,,,,
drop0.40_bias5_noise3,0.8721872568130493,0.8721872568130493,0.9900990128517151,0.8730873465538025,0.5227593825702512,set_transformer_joint,aug_train,,,,
drop0.15_bias6_noise0,0.9270927309989929,0.9270927309989929,0.9972997307777405,0.9270927309989929,0.27074482938413896,set_transformer_joint,aug_train,,,,
bias5_only,0.9495949745178223,0.9495949745178223,0.9990999102592468,0.9495949745178223,0.22136399543548252,set_transformer_joint,aug_train,,,,
noise3_only,0.9360936284065247,0.9360936284065247,1.0,0.9360936284065247,0.2399615385275398,set_transformer_joint,aug_train,,,,
clean,0.958595871925354,0.958595871925354,1.0,0.958595871925354,0.1899624256455716,transformer_multitask,aug_train,,,,
dropout_0.05,0.9567956924438477,0.9567956924438477,1.0,0.9567956924438477,0.19104437108221192,transformer_multitask,aug_train,,,,
dropout_0.10,0.9468947052955627,0.9468947052955627,0.9990999102592468,0.9477947950363159,0.22755311563959751,transformer_multitask,aug_train,,,,
dropout_0.15,0.9369937181472778,0.9369937181472778,0.9990999102592468,0.937893807888031,0.25742638941341217,transformer_multitask,aug_train,,,,
dropout_0.20,0.94329434633255,0.94329434633255,0.9990999102592468,0.9441944360733032,0.2343821223191481,transformer_multitask,aug_train,,,,
dropout_0.25,0.932493269443512,0.932493269443512,0.9990999102592468,0.9333933591842651,0.25889226995428655,transformer_multitask,aug_train,,,,
dropout_0.30,0.917191743850708,0.917191743850708,0.9990999102592468,0.9180918335914612,0.3037586857562232,transformer_multitask,aug_train,,,,
dropout_0.35,0.8955895900726318,0.8955895900726318,0.9981998205184937,0.8955895900726318,0.446211543896518,transformer_multitask,aug_train,,,,
dropout_0.40,0.8892889618873596,0.8892889618873596,0.9981998205184937,0.891089141368866,0.4249047896917826,transformer_multitask,aug_train,,,,
dropout_0.45,0.8685868978500366,0.8685868978500366,0.9972997307777405,0.8685868978500366,0.5393233588158173,transformer_multitask,aug_train,,,,
dropout_0.50,0.8541854619979858,0.8541854619979858,0.9972997307777405,0.855085551738739,0.5931197882074155,transformer_multitask,aug_train,,,,
dropout_0.60,0.786678671836853,0.786678671836853,0.9855985641479492,0.7893789410591125,0.897196680226914,transformer_multitask,aug_train,,,,
drop0.25_bias3_noise1,0.932493269443512,0.932493269443512,1.0,0.932493269443512,0.2589635774157908,transformer_multitask,aug_train,,,,
drop0.35_bias4_noise2,0.9162916541099548,0.9162916541099548,0.9972997307777405,0.9180918335914612,0.3418745962378144,transformer_multitask,aug_train,,,,
drop0.40_bias5_noise3,0.8847885131835938,0.8847885131835938,0.9981998205184937,0.8856886029243469,0.45240580102111927,transformer_multitask,aug_train,,,,
drop0.15_bias6_noise0,0.9468947052955627,0.9468947052955627,1.0,0.9468947052955627,0.22297997147676432,transformer_multitask,aug_train,,,,
bias5_only,0.958595871925354,0.958595871925354,1.0,0.958595871925354,0.18540546955904588,transformer_multitask,aug_train,,,,
noise3_only,0.9504950642585754,0.9504950642585754,1.0,0.9504950642585754,0.19910406901372862,transformer_multitask,aug_train,,,,
clean,0.9387938976287842,0.9387938976287842,0.9963996410369873,0.9405940771102905,0.27709963177368513,set_transformer_multitask,aug_train,,,,
dropout_0.05,0.937893807888031,0.937893807888031,0.9963996410369873,0.9405940771102905,0.28770745400101294,set_transformer_multitask,aug_train,,,,
dropout_0.10,0.922592282295227,0.922592282295227,0.994599461555481,0.9261926412582397,0.3268590040779886,set_transformer_multitask,aug_train,,,,
dropout_0.15,0.9189919233322144,0.9189919233322144,0.994599461555481,0.922592282295227,0.3481058725948059,set_transformer_multitask,aug_train,,,,
dropout_0.20,0.9189919233322144,0.9189919233322144,0.9936993718147278,0.9234923720359802,0.3831348065370702,set_transformer_multitask,aug_train,,,,
dropout_0.25,0.9099910259246826,0.9099910259246826,0.994599461555481,0.9126912951469421,0.3767657329325843,set_transformer_multitask,aug_train,,,,
dropout_0.30,0.9027903079986572,0.9027903079986572,0.9954995512962341,0.9045904874801636,0.43440671143072557,set_transformer_multitask,aug_train,,,,
dropout_0.35,0.8631863594055176,0.8631863594055176,0.9891989231109619,0.8667867183685303,0.5568408408109182,set_transformer_multitask,aug_train,,,,
dropout_0.40,0.8649865388870239,0.8649865388870239,0.9864986538887024,0.8694869875907898,0.5931232142942001,set_transformer_multitask,aug_train,,,,
dropout_0.45,0.8397840261459351,0.8397840261459351,0.9873987436294556,0.8415842056274414,0.6931402132813722,set_transformer_multitask,aug_train,,,,
dropout_0.50,0.8298830389976501,0.8298830389976501,0.9891989231109619,0.834383487701416,0.7160124989590272,set_transformer_multitask,aug_train,,,,
dropout_0.60,0.7650765180587769,0.7650765180587769,0.9756975769996643,0.7722772359848022,1.05671589638498,set_transformer_multitask,aug_train,,,,
drop0.25_bias3_noise1,0.9135913848876953,0.9135913848876953,0.9936993718147278,0.9162916541099548,0.38669923556805946,set_transformer_multitask,aug_train,,,,
drop0.35_bias4_noise2,0.8883888721466064,0.8883888721466064,0.9927992820739746,0.8919892311096191,0.500847874757516,set_transformer_multitask,aug_train,,,,
drop0.40_bias5_noise3,0.8613861799240112,0.8613861799240112,0.9918991923332214,0.8649865388870239,0.6397655139518793,set_transformer_multitask,aug_train,,,,
drop0.15_bias6_noise0,0.9189919233322144,0.9189919233322144,0.9954995512962341,0.9207921028137207,0.3377838927169408,set_transformer_multitask,aug_train,,,,
bias5_only,0.9351935386657715,0.9351935386657715,0.9963996410369873,0.9369937181472778,0.28402236213993104,set_transformer_multitask,aug_train,,,,
noise3_only,0.9297930002212524,0.9297930002212524,0.9972997307777405,0.9315931797027588,0.2920855721517472,set_transformer_multitask,aug_train,,,,
clean,-9.181858977073516,,,,0.010791548444788055,transformer_coordinate,aug_train,0.10495758234657272,0.14691187088975827,9.181858977073516,12.347404028857946
dropout_0.05,-9.317621804609622,,,,0.011028970656271028,transformer_coordinate,aug_train,0.1065681587804188,0.14851916491270167,9.317621804609622,12.505648876296602
dropout_0.10,-9.55176169227312,,,,0.011915023218166388,transformer_coordinate,aug_train,0.10954166231743172,0.15436983317766753,9.55176169227312,12.927697715861308
dropout_0.15,-9.7139413463302,,,,0.012220118047282248,transformer_coordinate,aug_train,0.11111422283632358,0.1563337355486696,9.7139413463302,13.145961267964228
dropout_0.20,-10.08727154768833,,,,0.013468619637211415,transformer_coordinate,aug_train,0.1154191053231389,0.1641256829855723,10.08727154768833,13.892655696098071
dropout_0.25,-10.040259255676762,,,,0.01207072674577618,transformer_coordinate,aug_train,0.11443571967493557,0.15537520205116317,10.040259255676762,13.226055588367977
dropout_0.30,-10.483989072891728,,,,0.014206771236701016,transformer_coordinate,aug_train,0.12055331575551956,0.16856317235452842,10.483989072891728,14.272059123882332
dropout_0.35,-10.81097507593473,,,,0.01739758980384182,transformer_coordinate,aug_train,0.12452280169138918,0.1865346585803337,10.81097507593473,15.83327003182
dropout_0.40,-11.17960310006526,,,,0.01724146273151429,transformer_coordinate,aug_train,0.1288612754893108,0.1856957882862909,11.17960310006526,15.584837932449828
dropout_0.45,-12.306574830426216,,,,0.02183130978330849,transformer_coordinate,aug_train,0.14031855111055677,0.20895602580228573,12.306574830426216,18.14028048660945
dropout_0.50,-13.380657969186277,,,,0.028301120615831697,transformer_coordinate,aug_train,0.15259696807116283,0.23791225611448774,13.380657969186277,20.57817092463626
dropout_0.60,-13.89733769662117,,,,0.027243130935086096,transformer_coordinate,aug_train,0.15652623829196438,0.2334229200916565,13.89733769662117,20.635204503707502
drop0.25_bias3_noise1,-10.271683839272692,,,,0.013721716135042836,transformer_coordinate,aug_train,0.11667043071770918,0.16566059440888073,10.271683839272692,14.072428419961609
drop0.35_bias4_noise2,-10.82588328337376,,,,0.014649463463725537,transformer_coordinate,aug_train,0.12257857586321089,0.17116929286871935,10.82588328337376,14.769078393209497
drop0.40_bias5_noise3,-11.656964176165374,,,,0.017143873935422847,transformer_coordinate,aug_train,0.13189290048625463,0.1851695139228159,11.656964176165374,16.11331993322551
drop0.15_bias6_noise0,-9.824108895683827,,,,0.0123258109139924,transformer_coordinate,aug_train,0.11143577433254884,0.1570083487451506,9.824108895683827,13.258214299308758
bias5_only,-9.40438423501112,,,,0.01111756121818543,transformer_coordinate,aug_train,0.10706282949672635,0.14911445890073063,9.40438423501112,12.56600865294169
noise3_only,-9.284265831699686,,,,0.010814662504703155,transformer_coordinate,aug_train,0.10563510810403244,0.14706911835981498,9.284265831699686,12.430366994111356
clean,-13.679849830751175,,,,0.02120715616611239,set_transformer_coordinate,aug_train,0.15510463369563898,0.20594734890618938,13.679849830751175,17.871462203130367
dropout_0.05,-13.844310166203677,,,,0.02174999753162466,set_transformer_coordinate,aug_train,0.15697400039635234,0.20856653076456963,13.844310166203677,18.115280823556375
dropout_0.10,-14.13961621438054,,,,0.023002911627319458,set_transformer_coordinate,aug_train,0.1604513720277814,0.2144896792837372,14.13961621438054,18.556787819477872
dropout_0.15,-14.419107122419625,,,,0.024042885879626368,set_transformer_coordinate,aug_train,0.1632240106546661,0.21928468044560642,14.419107122419625,18.954089683710183
dropout_0.20,-14.71629183956743,,,,0.025244153616908002,set_transformer_coordinate,aug_train,0.1666822069996094,0.2246960317409968,14.71629183956743,19.57885236727186
dropout_0.25,-14.989415037069953,,,,0.025971518297999104,set_transformer_coordinate,aug_train,0.16964776858674013,0.22791015132307066,14.989415037069953,19.834123803728396
dropout_0.30,-15.512732418088353,,,,0.0281184125577647,set_transformer_coordinate,aug_train,0.17555392840232065,0.23714304437783537,15.512732418088353,20.78951076348061
dropout_0.35,-16.108175795861012,,,,0.03215022978618486,set_transformer_coordinate,aug_train,0.18336830464023782,0.2535753517005725,16.108175795861012,21.931065249336005
dropout_0.40,-16.687886388477644,,,,0.03402635025432204,set_transformer_coordinate,aug_train,0.18977867537864798,0.2608691292415205,16.687886388477644,22.561283831008556
dropout_0.45,-17.61440209184519,,,,0.0370860935182962,set_transformer_coordinate,aug_train,0.1985664988216066,0.27234570793133267,17.61440209184519,23.990830542858816
dropout_0.50,-18.32411189872707,,,,0.04136505100664848,set_transformer_coordinate,aug_train,0.20636715128236452,0.28762841151072444,18.32411189872707,25.512715690505782
dropout_0.60,-20.31074737505831,,,,0.051351668509301784,set_transformer_coordinate,aug_train,0.22808405949010246,0.3204736178881014,20.31074737505831,28.474208227694547
drop0.25_bias3_noise1,-14.398059259385057,,,,0.023175477698230723,set_transformer_coordinate,aug_train,0.1629589819529792,0.21529272269289637,14.398059259385057,18.77967724218965
drop0.35_bias4_noise2,-14.977078564432631,,,,0.024764691054499115,set_transformer_coordinate,aug_train,0.16890396008355246,0.22255197711891947,14.977078564432631,19.48330274273549
drop0.40_bias5_noise3,-16.284060867368805,,,,0.03034355427523275,set_transformer_coordinate,aug_train,0.1832960605264451,0.2463475349695471,16.284060867368805,21.980213437001662
drop0.15_bias6_noise0,-13.618007948133853,,,,0.019963815955832454,set_transformer_coordinate,aug_train,0.15366493329220277,0.19981899371192566,13.618007948133853,17.41628707429319
bias5_only,-13.218785862777375,,,,0.01886132358163461,set_transformer_coordinate,aug_train,0.14938634788614116,0.19422318823317158,13.218785862777375,16.920968779876176
noise3_only,-13.821914885072971,,,,0.021738191214863724,set_transformer_coordinate,aug_train,0.15675020155262967,0.20850990985502568,13.821914885072971,18.037280237109474
