regime,scenario,model_label,model_family,model,task,metric,metric_value,source_file
aug_train,bias5_only,CNN,cnn,cnn_coordinate,coordinate,coordinate_mean_euclidean_m,43.15502749625601,results_aug.csv|table_robustness_stability_long.csv
aug_train,bias5_only,LSTM,lstm,lstm_coordinate,coordinate,coordinate_mean_euclidean_m,10.804344093368247,results_aug.csv|table_robustness_stability_long.csv
aug_train,bias5_only,MLP,mlp,mlp_coordinate,coordinate,coordinate_mean_euclidean_m,8.424780358060648,results_aug.csv|table_robustness_stability_long.csv
aug_train,bias5_only,Set Transformer,set_transformer,set_transformer_coordinate,coordinate,coordinate_mean_euclidean_m,13.0145764953572,results_aug.csv|table_robustness_stability_long.csv
aug_train,bias5_only,Standard Transformer,transformer,transformer_coordinate,coordinate,coordinate_mean_euclidean_m,9.259113588049956,results_aug.csv|table_robustness_stability_long.csv
aug_train,clean,CNN,cnn,cnn_coordinate,coordinate,coordinate_mean_euclidean_m,43.49899307156728,results_aug.csv|table_robustness_stability_long.csv
aug_train,clean,LSTM,lstm,lstm_coordinate,coordinate,coordinate_mean_euclidean_m,10.34694210162037,results_aug.csv|table_robustness_stability_long.csv
aug_train,clean,MLP,mlp,mlp_coordinate,coordinate,coordinate_mean_euclidean_m,8.554964776262214,results_aug.csv|table_robustness_stability_long.csv
aug_train,clean,Set Transformer,set_transformer,set_transformer_coordinate,coordinate,coordinate_mean_euclidean_m,13.468525687047183,results_aug.csv|table_robustness_stability_long.csv
aug_train,clean,Standard Transformer,transformer,transformer_coordinate,coordinate,coordinate_mean_euclidean_m,9.040032392780908,results_aug.csv|table_robustness_stability_long.csv
aug_train,drop0.15_bias6_noise0,CNN,cnn,cnn_coordinate,coordinate,coordinate_mean_euclidean_m,51.774069746612724,results_aug.csv|table_robustness_stability_long.csv
aug_train,drop0.15_bias6_noise0,LSTM,lstm,lstm_coordinate,coordinate,coordinate_mean_euclidean_m,11.225356025600162,results_aug.csv|table_robustness_stability_long.csv
aug_train,drop0.15_bias6_noise0,MLP,mlp,mlp_coordinate,coordinate,coordinate_mean_euclidean_m,8.867849672750806,results_aug.csv|table_robustness_stability_long.csv
aug_train,drop0.15_bias6_noise0,Set Transformer,set_transformer,set_transformer_coordinate,coordinate,coordinate_mean_euclidean_m,13.407627588526953,results_aug.csv|table_robustness_stability_long.csv
aug_train,drop0.15_bias6_noise0,Standard Transformer,transformer,transformer_coordinate,coordinate,coordinate_mean_euclidean_m,9.672348378162713,results_aug.csv|table_robustness_stability_long.csv
aug_train,drop0.25_bias3_noise1,CNN,cnn,cnn_coordinate,coordinate,coordinate_mean_euclidean_m,62.09451369253422,results_aug.csv|table_robustness_stability_long.csv
aug_train,drop0.25_bias3_noise1,LSTM,lstm,lstm_coordinate,coordinate,coordinate_mean_euclidean_m,11.25193116745055,results_aug.csv|table_robustness_stability_long.csv
aug_train,drop0.25_bias3_noise1,MLP,mlp,mlp_coordinate,coordinate,coordinate_mean_euclidean_m,9.381957770575054,results_aug.csv|table_robustness_stability_long.csv
aug_train,drop0.25_bias3_noise1,Set Transformer,set_transformer,set_transformer_coordinate,coordinate,coordinate_mean_euclidean_m,14.17563581755018,results_aug.csv|table_robustness_stability_long.csv
aug_train,drop0.25_bias3_noise1,Standard Transformer,transformer,transformer_coordinate,coordinate,coordinate_mean_euclidean_m,10.11301175476402,results_aug.csv|table_robustness_stability_long.csv
aug_train,drop0.35_bias4_noise2,CNN,cnn,cnn_coordinate,coordinate,coordinate_mean_euclidean_m,75.00329202902402,results_aug.csv|table_robustness_stability_long.csv
aug_train,drop0.35_bias4_noise2,LSTM,lstm,lstm_coordinate,coordinate,coordinate_mean_euclidean_m,12.574500548285986,results_aug.csv|table_robustness_stability_long.csv
aug_train,drop0.35_bias4_noise2,MLP,mlp,mlp_coordinate,coordinate,coordinate_mean_euclidean_m,10.499640786131138,results_aug.csv|table_robustness_stability_long.csv
aug_train,drop0.35_bias4_noise2,Set Transformer,set_transformer,set_transformer_coordinate,coordinate,coordinate_mean_euclidean_m,14.745700836239678,results_aug.csv|table_robustness_stability_long.csv
aug_train,drop0.35_bias4_noise2,Standard Transformer,transformer,transformer_coordinate,coordinate,coordinate_mean_euclidean_m,10.658644147318908,results_aug.csv|table_robustness_stability_long.csv
aug_train,drop0.40_bias5_noise3,CNN,cnn,cnn_coordinate,coordinate,coordinate_mean_euclidean_m,80.28640086272597,results_aug.csv|table_robustness_stability_long.csv
aug_train,drop0.40_bias5_noise3,LSTM,lstm,lstm_coordinate,coordinate,coordinate_mean_euclidean_m,13.192094160231239,results_aug.csv|table_robustness_stability_long.csv
aug_train,drop0.40_bias5_noise3,MLP,mlp,mlp_coordinate,coordinate,coordinate_mean_euclidean_m,11.055670943586001,results_aug.csv|table_robustness_stability_long.csv
aug_train,drop0.40_bias5_noise3,Set Transformer,set_transformer,set_transformer_coordinate,coordinate,coordinate_mean_euclidean_m,16.032486417261893,results_aug.csv|table_robustness_stability_long.csv
aug_train,drop0.40_bias5_noise3,Standard Transformer,transformer,transformer_coordinate,coordinate,coordinate_mean_euclidean_m,11.476884937482888,results_aug.csv|table_robustness_stability_long.csv
aug_train,dropout_0.05,CNN,cnn,cnn_coordinate,coordinate,coordinate_mean_euclidean_m,46.51027774551713,results_aug.csv|table_robustness_stability_long.csv
aug_train,dropout_0.05,LSTM,lstm,lstm_coordinate,coordinate,coordinate_mean_euclidean_m,10.502791746963155,results_aug.csv|table_robustness_stability_long.csv
aug_train,dropout_0.05,MLP,mlp,mlp_coordinate,coordinate,coordinate_mean_euclidean_m,8.736030654721063,results_aug.csv|table_robustness_stability_long.csv
aug_train,dropout_0.05,Set Transformer,set_transformer,set_transformer_coordinate,coordinate,coordinate_mean_euclidean_m,13.630445538612937,results_aug.csv|table_robustness_stability_long.csv
aug_train,dropout_0.05,Standard Transformer,transformer,transformer_coordinate,coordinate,coordinate_mean_euclidean_m,9.17369909139354,results_aug.csv|table_robustness_stability_long.csv
aug_train,dropout_0.10,CNN,cnn,cnn_coordinate,coordinate,coordinate_mean_euclidean_m,48.92064243041091,results_aug.csv|table_robustness_stability_long.csv
aug_train,dropout_0.10,LSTM,lstm,lstm_coordinate,coordinate,coordinate_mean_euclidean_m,10.540922171128884,results_aug.csv|table_robustness_stability_long.csv
aug_train,dropout_0.10,MLP,mlp,mlp_coordinate,coordinate,coordinate_mean_euclidean_m,8.890585665144203,results_aug.csv|table_robustness_stability_long.csv
aug_train,dropout_0.10,Set Transformer,set_transformer,set_transformer_coordinate,coordinate,coordinate_mean_euclidean_m,13.921191763718777,results_aug.csv|table_robustness_stability_long.csv
aug_train,dropout_0.10,Standard Transformer,transformer,transformer_coordinate,coordinate,coordinate_mean_euclidean_m,9.404227004305064,results_aug.csv|table_robustness_stability_long.csv
aug_train,dropout_0.15,CNN,cnn,cnn_coordinate,coordinate,coordinate_mean_euclidean_m,54.945602866480016,results_aug.csv|table_robustness_stability_long.csv
aug_train,dropout_0.15,LSTM,lstm,lstm_coordinate,coordinate,coordinate_mean_euclidean_m,10.937920294500778,results_aug.csv|table_robustness_stability_long.csv
aug_train,dropout_0.15,MLP,mlp,mlp_coordinate,coordinate,coordinate_mean_euclidean_m,9.113522379109378,results_aug.csv|table_robustness_stability_long.csv
aug_train,dropout_0.15,Set Transformer,set_transformer,set_transformer_coordinate,coordinate,coordinate_mean_euclidean_m,14.196358948798295,results_aug.csv|table_robustness_stability_long.csv
aug_train,dropout_0.15,Standard Transformer,transformer,transformer_coordinate,coordinate,coordinate_mean_euclidean_m,9.563897172525607,results_aug.csv|table_robustness_stability_long.csv
aug_train,dropout_0.20,CNN,cnn,cnn_coordinate,coordinate,coordinate_mean_euclidean_m,58.450032769412495,results_aug.csv|table_robustness_stability_long.csv
aug_train,dropout_0.20,LSTM,lstm,lstm_coordinate,coordinate,coordinate_mean_euclidean_m,11.104820594681534,results_aug.csv|table_robustness_stability_long.csv
aug_train,dropout_0.20,MLP,mlp,mlp_coordinate,coordinate,coordinate_mean_euclidean_m,9.371496885252485,results_aug.csv|table_robustness_stability_long.csv
aug_train,dropout_0.20,Set Transformer,set_transformer,set_transformer_coordinate,coordinate,coordinate_mean_euclidean_m,14.488954189058557,results_aug.csv|table_robustness_stability_long.csv
aug_train,dropout_0.20,Standard Transformer,transformer,transformer_coordinate,coordinate,coordinate_mean_euclidean_m,9.931461353276372,results_aug.csv|table_robustness_stability_long.csv
aug_train,dropout_0.25,CNN,cnn,cnn_coordinate,coordinate,coordinate_mean_euclidean_m,62.29775704164496,results_aug.csv|table_robustness_stability_long.csv
aug_train,dropout_0.25,LSTM,lstm,lstm_coordinate,coordinate,coordinate_mean_euclidean_m,11.2377454507522,results_aug.csv|table_robustness_stability_long.csv
aug_train,dropout_0.25,MLP,mlp,mlp_coordinate,coordinate,coordinate_mean_euclidean_m,9.656423601556927,results_aug.csv|table_robustness_stability_long.csv
aug_train,dropout_0.25,Set Transformer,set_transformer,set_transformer_coordinate,coordinate,coordinate_mean_euclidean_m,14.757856173499903,results_aug.csv|table_robustness_stability_long.csv
aug_train,dropout_0.25,Standard Transformer,transformer,transformer_coordinate,coordinate,coordinate_mean_euclidean_m,9.885168262926733,results_aug.csv|table_robustness_stability_long.csv
aug_train,dropout_0.30,CNN,cnn,cnn_coordinate,coordinate,coordinate_mean_euclidean_m,64.78833109424983,results_aug.csv|table_robustness_stability_long.csv
aug_train,dropout_0.30,LSTM,lstm,lstm_coordinate,coordinate,coordinate_mean_euclidean_m,11.511947070671532,results_aug.csv|table_robustness_stability_long.csv
aug_train,dropout_0.30,MLP,mlp,mlp_coordinate,coordinate,coordinate_mean_euclidean_m,9.730952329677201,results_aug.csv|table_robustness_stability_long.csv
aug_train,dropout_0.30,Set Transformer,set_transformer,set_transformer_coordinate,coordinate,coordinate_mean_euclidean_m,15.273089004187007,results_aug.csv|table_robustness_stability_long.csv
aug_train,dropout_0.30,Standard Transformer,transformer,transformer_coordinate,coordinate,coordinate_mean_euclidean_m,10.322060389186474,results_aug.csv|table_robustness_stability_long.csv
aug_train,dropout_0.35,CNN,cnn,cnn_coordinate,coordinate,coordinate_mean_euclidean_m,74.4792753854325,results_aug.csv|table_robustness_stability_long.csv
aug_train,dropout_0.35,LSTM,lstm,lstm_coordinate,coordinate,coordinate_mean_euclidean_m,12.710822335842987,results_aug.csv|table_robustness_stability_long.csv
aug_train,dropout_0.35,MLP,mlp,mlp_coordinate,coordinate,coordinate_mean_euclidean_m,10.65646879205788,results_aug.csv|table_robustness_stability_long.csv
aug_train,dropout_0.35,Set Transformer,set_transformer,set_transformer_coordinate,coordinate,coordinate_mean_euclidean_m,15.859350678810689,results_aug.csv|table_robustness_stability_long.csv
aug_train,dropout_0.35,Standard Transformer,transformer,transformer_coordinate,coordinate,coordinate_mean_euclidean_m,10.643999259149677,results_aug.csv|table_robustness_stability_long.csv
aug_train,dropout_0.40,CNN,cnn,cnn_coordinate,coordinate,coordinate_mean_euclidean_m,82.52373411471426,results_aug.csv|table_robustness_stability_long.csv
aug_train,dropout_0.40,LSTM,lstm,lstm_coordinate,coordinate,coordinate_mean_euclidean_m,12.719670552208616,results_aug.csv|table_robustness_stability_long.csv
aug_train,dropout_0.40,MLP,mlp,mlp_coordinate,coordinate,coordinate_mean_euclidean_m,11.114932841650493,results_aug.csv|table_robustness_stability_long.csv
aug_train,dropout_0.40,Set Transformer,set_transformer,set_transformer_coordinate,coordinate,coordinate_mean_euclidean_m,16.430103455460472,results_aug.csv|table_robustness_stability_long.csv
aug_train,dropout_0.40,Standard Transformer,transformer,transformer_coordinate,coordinate,coordinate_mean_euclidean_m,11.00693525905626,results_aug.csv|table_robustness_stability_long.csv
aug_train,dropout_0.45,CNN,cnn,cnn_coordinate,coordinate,coordinate_mean_euclidean_m,90.24500026522028,results_aug.csv|table_robustness_stability_long.csv
aug_train,dropout_0.45,LSTM,lstm,lstm_coordinate,coordinate,coordinate_mean_euclidean_m,13.824544848532138,results_aug.csv|table_robustness_stability_long.csv
aug_train,dropout_0.45,MLP,mlp,mlp_coordinate,coordinate,coordinate_mean_euclidean_m,12.396593642794517,results_aug.csv|table_robustness_stability_long.csv
aug_train,dropout_0.45,Set Transformer,set_transformer,set_transformer_coordinate,coordinate,coordinate_mean_euclidean_m,17.342279660704193,results_aug.csv|table_robustness_stability_long.csv
aug_train,dropout_0.45,Standard Transformer,transformer,transformer_coordinate,coordinate,coordinate_mean_euclidean_m,12.11647707606191,results_aug.csv|table_robustness_stability_long.csv
aug_train,dropout_0.50,CNN,cnn,cnn_coordinate,coordinate,coordinate_mean_euclidean_m,95.07294728934238,results_aug.csv|table_robustness_stability_long.csv
aug_train,dropout_0.50,LSTM,lstm,lstm_coordinate,coordinate,coordinate_mean_euclidean_m,14.834355848450418,results_aug.csv|table_robustness_stability_long.csv
aug_train,dropout_0.50,MLP,mlp,mlp_coordinate,coordinate,coordinate_mean_euclidean_m,13.851295348374524,results_aug.csv|table_robustness_stability_long.csv
aug_train,dropout_0.50,Set Transformer,set_transformer,set_transformer_coordinate,coordinate,coordinate_mean_euclidean_m,18.041022137048248,results_aug.csv|table_robustness_stability_long.csv
aug_train,dropout_0.50,Standard Transformer,transformer,transformer_coordinate,coordinate,coordinate_mean_euclidean_m,13.17396951604385,results_aug.csv|table_robustness_stability_long.csv
aug_train,dropout_0.60,CNN,cnn,cnn_coordinate,coordinate,coordinate_mean_euclidean_m,107.49403606367767,results_aug.csv|table_robustness_stability_long.csv
aug_train,dropout_0.60,LSTM,lstm,lstm_coordinate,coordinate,coordinate_mean_euclidean_m,16.268478642908477,results_aug.csv|table_robustness_stability_long.csv
aug_train,dropout_0.60,MLP,mlp,mlp_coordinate,coordinate,coordinate_mean_euclidean_m,17.246527257003955,results_aug.csv|table_robustness_stability_long.csv
aug_train,dropout_0.60,Set Transformer,set_transformer,set_transformer_coordinate,coordinate,coordinate_mean_euclidean_m,19.996955760752556,results_aug.csv|table_robustness_stability_long.csv
aug_train,dropout_0.60,Standard Transformer,transformer,transformer_coordinate,coordinate,coordinate_mean_euclidean_m,13.682637517584777,results_aug.csv|table_robustness_stability_long.csv
aug_train,noise3_only,CNN,cnn,cnn_coordinate,coordinate,coordinate_mean_euclidean_m,46.32955352291011,results_aug.csv|table_robustness_stability_long.csv
aug_train,noise3_only,LSTM,lstm,lstm_coordinate,coordinate,coordinate_mean_euclidean_m,10.640897313841442,results_aug.csv|table_robustness_stability_long.csv
aug_train,noise3_only,MLP,mlp,mlp_coordinate,coordinate,coordinate_mean_euclidean_m,8.646187367725155,results_aug.csv|table_robustness_stability_long.csv
aug_train,noise3_only,Set Transformer,set_transformer,set_transformer_coordinate,coordinate,coordinate_mean_euclidean_m,13.608396686892966,results_aug.csv|table_robustness_stability_long.csv
aug_train,noise3_only,Standard Transformer,transformer,transformer_coordinate,coordinate,coordinate_mean_euclidean_m,9.140849726643506,results_aug.csv|table_robustness_stability_long.csv
aug_train,bias5_only,CNN,cnn,cnn_joint,joint,joint_accuracy,0.8361836671829224,results_aug.csv|table_robustness_stability_long.csv
aug_train,bias5_only,LSTM,lstm,lstm_joint,joint,joint_accuracy,0.954095423221588,results_aug.csv|table_robustness_stability_long.csv
aug_train,bias5_only,MLP,mlp,mlp_joint,joint,joint_accuracy,0.9315931797027588,results_aug.csv|table_robustness_stability_long.csv
aug_train,bias5_only,Set Transformer,set_transformer,set_transformer_joint,joint,joint_accuracy,0.9495949745178224,results_aug.csv|table_robustness_stability_long.csv
aug_train,bias5_only,Standard Transformer,transformer,transformer_joint,joint,joint_accuracy,0.937893807888031,results_aug.csv|table_robustness_stability_long.csv
aug_train,clean,CNN,cnn,cnn_joint,joint,joint_accuracy,0.8532853722572327,results_aug.csv|table_robustness_stability_long.csv
aug_train,clean,LSTM,lstm,lstm_joint,joint,joint_accuracy,0.9549955129623412,results_aug.csv|table_robustness_stability_long.csv
aug_train,clean,MLP,mlp,mlp_joint,joint,joint_accuracy,0.921692192554474,results_aug.csv|table_robustness_stability_long.csv
aug_train,clean,Set Transformer,set_transformer,set_transformer_joint,joint,joint_accuracy,0.9495949745178224,results_aug.csv|table_robustness_stability_long.csv
aug_train,clean,Standard Transformer,transformer,transformer_joint,joint,joint_accuracy,0.9459946155548096,results_aug.csv|table_robustness_stability_long.csv
aug_train,drop0.15_bias6_noise0,CNN,cnn,cnn_joint,joint,joint_accuracy,0.7875787615776062,results_aug.csv|table_robustness_stability_long.csv
aug_train,drop0.15_bias6_noise0,LSTM,lstm,lstm_joint,joint,joint_accuracy,0.9450945258140564,results_aug.csv|table_robustness_stability_long.csv
aug_train,drop0.15_bias6_noise0,MLP,mlp,mlp_joint,joint,joint_accuracy,0.917191743850708,results_aug.csv|table_robustness_stability_long.csv
aug_train,drop0.15_bias6_noise0,Set Transformer,set_transformer,set_transformer_joint,joint,joint_accuracy,0.9270927309989928,results_aug.csv|table_robustness_stability_long.csv
aug_train,drop0.15_bias6_noise0,Standard Transformer,transformer,transformer_joint,joint,joint_accuracy,0.9261926412582396,results_aug.csv|table_robustness_stability_long.csv
aug_train,drop0.25_bias3_noise1,CNN,cnn,cnn_joint,joint,joint_accuracy,0.7110711336135864,results_aug.csv|table_robustness_stability_long.csv
aug_train,drop0.25_bias3_noise1,LSTM,lstm,lstm_joint,joint,joint_accuracy,0.9315931797027588,results_aug.csv|table_robustness_stability_long.csv
aug_train,drop0.25_bias3_noise1,MLP,mlp,mlp_joint,joint,joint_accuracy,0.8955895900726318,results_aug.csv|table_robustness_stability_long.csv
aug_train,drop0.25_bias3_noise1,Set Transformer,set_transformer,set_transformer_joint,joint,joint_accuracy,0.9189919233322144,results_aug.csv|table_robustness_stability_long.csv
aug_train,drop0.25_bias3_noise1,Standard Transformer,transformer,transformer_joint,joint,joint_accuracy,0.921692192554474,results_aug.csv|table_robustness_stability_long.csv
aug_train,drop0.35_bias4_noise2,CNN,cnn,cnn_joint,joint,joint_accuracy,0.6336633563041687,results_aug.csv|table_robustness_stability_long.csv
aug_train,drop0.35_bias4_noise2,LSTM,lstm,lstm_joint,joint,joint_accuracy,0.9144914746284484,results_aug.csv|table_robustness_stability_long.csv
aug_train,drop0.35_bias4_noise2,MLP,mlp,mlp_joint,joint,joint_accuracy,0.875787615776062,results_aug.csv|table_robustness_stability_long.csv
aug_train,drop0.35_bias4_noise2,Set Transformer,set_transformer,set_transformer_joint,joint,joint_accuracy,0.8982898592948914,results_aug.csv|table_robustness_stability_long.csv
aug_train,drop0.35_bias4_noise2,Standard Transformer,transformer,transformer_joint,joint,joint_accuracy,0.8991899490356445,results_aug.csv|table_robustness_stability_long.csv
aug_train,drop0.40_bias5_noise3,CNN,cnn,cnn_joint,joint,joint_accuracy,0.5634563565254211,results_aug.csv|table_robustness_stability_long.csv
aug_train,drop0.40_bias5_noise3,LSTM,lstm,lstm_joint,joint,joint_accuracy,0.8955895900726318,results_aug.csv|table_robustness_stability_long.csv
aug_train,drop0.40_bias5_noise3,MLP,mlp,mlp_joint,joint,joint_accuracy,0.8523852825164795,results_aug.csv|table_robustness_stability_long.csv
aug_train,drop0.40_bias5_noise3,Set Transformer,set_transformer,set_transformer_joint,joint,joint_accuracy,0.8721872568130493,results_aug.csv|table_robustness_stability_long.csv
aug_train,drop0.40_bias5_noise3,Standard Transformer,transformer,transformer_joint,joint,joint_accuracy,0.8739874362945557,results_aug.csv|table_robustness_stability_long.csv
aug_train,dropout_0.05,CNN,cnn,cnn_joint,joint,joint_accuracy,0.8316832184791565,results_aug.csv|table_robustness_stability_long.csv
aug_train,dropout_0.05,LSTM,lstm,lstm_joint,joint,joint_accuracy,0.9558956027030944,results_aug.csv|table_robustness_stability_long.csv
aug_train,dropout_0.05,MLP,mlp,mlp_joint,joint,joint_accuracy,0.9162916541099548,results_aug.csv|table_robustness_stability_long.csv
aug_train,dropout_0.05,Set Transformer,set_transformer,set_transformer_joint,joint,joint_accuracy,0.9468947052955629,results_aug.csv|table_robustness_stability_long.csv
aug_train,dropout_0.05,Standard Transformer,transformer,transformer_joint,joint,joint_accuracy,0.9423942565917968,results_aug.csv|table_robustness_stability_long.csv
aug_train,dropout_0.10,CNN,cnn,cnn_joint,joint,joint_accuracy,0.8118811845779419,results_aug.csv|table_robustness_stability_long.csv
aug_train,dropout_0.10,LSTM,lstm,lstm_joint,joint,joint_accuracy,0.9486948847770692,results_aug.csv|table_robustness_stability_long.csv
aug_train,dropout_0.10,MLP,mlp,mlp_joint,joint,joint_accuracy,0.9099910259246826,results_aug.csv|table_robustness_stability_long.csv
aug_train,dropout_0.10,Set Transformer,set_transformer,set_transformer_joint,joint,joint_accuracy,0.9369937181472778,results_aug.csv|table_robustness_stability_long.csv
aug_train,dropout_0.10,Standard Transformer,transformer,transformer_joint,joint,joint_accuracy,0.9360936284065248,results_aug.csv|table_robustness_stability_long.csv
aug_train,dropout_0.15,CNN,cnn,cnn_joint,joint,joint_accuracy,0.7560756206512451,results_aug.csv|table_robustness_stability_long.csv
aug_train,dropout_0.15,LSTM,lstm,lstm_joint,joint,joint_accuracy,0.9486948847770692,results_aug.csv|table_robustness_stability_long.csv
aug_train,dropout_0.15,MLP,mlp,mlp_joint,joint,joint_accuracy,0.9045904874801636,results_aug.csv|table_robustness_stability_long.csv
aug_train,dropout_0.15,Set Transformer,set_transformer,set_transformer_joint,joint,joint_accuracy,0.9252925515174866,results_aug.csv|table_robustness_stability_long.csv
aug_train,dropout_0.15,Standard Transformer,transformer,transformer_joint,joint,joint_accuracy,0.927992820739746,results_aug.csv|table_robustness_stability_long.csv
aug_train,dropout_0.20,CNN,cnn,cnn_joint,joint,joint_accuracy,0.7389739155769348,results_aug.csv|table_robustness_stability_long.csv
aug_train,dropout_0.20,LSTM,lstm,lstm_joint,joint,joint_accuracy,0.9414941668510436,results_aug.csv|table_robustness_stability_long.csv
aug_train,dropout_0.20,MLP,mlp,mlp_joint,joint,joint_accuracy,0.8937894105911255,results_aug.csv|table_robustness_stability_long.csv
aug_train,dropout_0.20,Set Transformer,set_transformer,set_transformer_joint,joint,joint_accuracy,0.9261926412582396,results_aug.csv|table_robustness_stability_long.csv
aug_train,dropout_0.20,Standard Transformer,transformer,transformer_joint,joint,joint_accuracy,0.9297930002212524,results_aug.csv|table_robustness_stability_long.csv
aug_train,dropout_0.25,CNN,cnn,cnn_joint,joint,joint_accuracy,0.7200720310211182,results_aug.csv|table_robustness_stability_long.csv
aug_train,dropout_0.25,LSTM,lstm,lstm_joint,joint,joint_accuracy,0.9396939873695374,results_aug.csv|table_robustness_stability_long.csv
aug_train,dropout_0.25,MLP,mlp,mlp_joint,joint,joint_accuracy,0.881188154220581,results_aug.csv|table_robustness_stability_long.csv
aug_train,dropout_0.25,Set Transformer,set_transformer,set_transformer_joint,joint,joint_accuracy,0.911791205406189,results_aug.csv|table_robustness_stability_long.csv
aug_train,dropout_0.25,Standard Transformer,transformer,transformer_joint,joint,joint_accuracy,0.9198920130729676,results_aug.csv|table_robustness_stability_long.csv
aug_train,dropout_0.30,CNN,cnn,cnn_joint,joint,joint_accuracy,0.6813681721687317,results_aug.csv|table_robustness_stability_long.csv
aug_train,dropout_0.30,LSTM,lstm,lstm_joint,joint,joint_accuracy,0.9306930899620056,results_aug.csv|table_robustness_stability_long.csv
aug_train,dropout_0.30,MLP,mlp,mlp_joint,joint,joint_accuracy,0.8748875260353088,results_aug.csv|table_robustness_stability_long.csv
aug_train,dropout_0.30,Set Transformer,set_transformer,set_transformer_joint,joint,joint_accuracy,0.9162916541099548,results_aug.csv|table_robustness_stability_long.csv
aug_train,dropout_0.30,Standard Transformer,transformer,transformer_joint,joint,joint_accuracy,0.912691295146942,results_aug.csv|table_robustness_stability_long.csv
aug_train,dropout_0.35,CNN,cnn,cnn_joint,joint,joint_accuracy,0.6210620999336243,results_aug.csv|table_robustness_stability_long.csv
aug_train,dropout_0.35,LSTM,lstm,lstm_joint,joint,joint_accuracy,0.9099910259246826,results_aug.csv|table_robustness_stability_long.csv
aug_train,dropout_0.35,MLP,mlp,mlp_joint,joint,joint_accuracy,0.855085551738739,results_aug.csv|table_robustness_stability_long.csv
aug_train,dropout_0.35,Set Transformer,set_transformer,set_transformer_joint,joint,joint_accuracy,0.8847885131835938,results_aug.csv|table_robustness_stability_long.csv
aug_train,dropout_0.35,Standard Transformer,transformer,transformer_joint,joint,joint_accuracy,0.8919892311096191,results_aug.csv|table_robustness_stability_long.csv
aug_train,dropout_0.40,CNN,cnn,cnn_joint,joint,joint_accuracy,0.5742574334144592,results_aug.csv|table_robustness_stability_long.csv
aug_train,dropout_0.40,LSTM,lstm,lstm_joint,joint,joint_accuracy,0.8919892311096191,results_aug.csv|table_robustness_stability_long.csv
aug_train,dropout_0.40,MLP,mlp,mlp_joint,joint,joint_accuracy,0.8478848338127136,results_aug.csv|table_robustness_stability_long.csv
aug_train,dropout_0.40,Set Transformer,set_transformer,set_transformer_joint,joint,joint_accuracy,0.8766877055168152,results_aug.csv|table_robustness_stability_long.csv
aug_train,dropout_0.40,Standard Transformer,transformer,transformer_joint,joint,joint_accuracy,0.8874887824058533,results_aug.csv|table_robustness_stability_long.csv
aug_train,dropout_0.45,CNN,cnn,cnn_joint,joint,joint_accuracy,0.5067507028579712,results_aug.csv|table_robustness_stability_long.csv
aug_train,dropout_0.45,LSTM,lstm,lstm_joint,joint,joint_accuracy,0.8784878849983215,results_aug.csv|table_robustness_stability_long.csv
aug_train,dropout_0.45,MLP,mlp,mlp_joint,joint,joint_accuracy,0.8217821717262268,results_aug.csv|table_robustness_stability_long.csv
aug_train,dropout_0.45,Set Transformer,set_transformer,set_transformer_joint,joint,joint_accuracy,0.8559856414794922,results_aug.csv|table_robustness_stability_long.csv
aug_train,dropout_0.45,Standard Transformer,transformer,transformer_joint,joint,joint_accuracy,0.8748875260353088,results_aug.csv|table_robustness_stability_long.csv
aug_train,dropout_0.50,CNN,cnn,cnn_joint,joint,joint_accuracy,0.466246634721756,results_aug.csv|table_robustness_stability_long.csv
aug_train,dropout_0.50,LSTM,lstm,lstm_joint,joint,joint_accuracy,0.8640864491462708,results_aug.csv|table_robustness_stability_long.csv
aug_train,dropout_0.50,MLP,mlp,mlp_joint,joint,joint_accuracy,0.7992799282073975,results_aug.csv|table_robustness_stability_long.csv
aug_train,dropout_0.50,Set Transformer,set_transformer,set_transformer_joint,joint,joint_accuracy,0.8469847440719604,results_aug.csv|table_robustness_stability_long.csv
aug_train,dropout_0.50,Standard Transformer,transformer,transformer_joint,joint,joint_accuracy,0.8505851030349731,results_aug.csv|table_robustness_stability_long.csv
aug_train,dropout_0.60,CNN,cnn,cnn_joint,joint,joint_accuracy,0.369937002658844,results_aug.csv|table_robustness_stability_long.csv
aug_train,dropout_0.60,LSTM,lstm,lstm_joint,joint,joint_accuracy,0.7929793000221252,results_aug.csv|table_robustness_stability_long.csv
aug_train,dropout_0.60,MLP,mlp,mlp_joint,joint,joint_accuracy,0.7317731976509094,results_aug.csv|table_robustness_stability_long.csv
aug_train,dropout_0.60,Set Transformer,set_transformer,set_transformer_joint,joint,joint_accuracy,0.7668766975402832,results_aug.csv|table_robustness_stability_long.csv
aug_train,dropout_0.60,Standard Transformer,transformer,transformer_joint,joint,joint_accuracy,0.7857785820960999,results_aug.csv|table_robustness_stability_long.csv
aug_train,noise3_only,CNN,cnn,cnn_joint,joint,joint_accuracy,0.8316832184791565,results_aug.csv|table_robustness_stability_long.csv
aug_train,noise3_only,LSTM,lstm,lstm_joint,joint,joint_accuracy,0.9513951539993286,results_aug.csv|table_robustness_stability_long.csv
aug_train,noise3_only,MLP,mlp,mlp_joint,joint,joint_accuracy,0.917191743850708,results_aug.csv|table_robustness_stability_long.csv
aug_train,noise3_only,Set Transformer,set_transformer,set_transformer_joint,joint,joint_accuracy,0.9360936284065248,results_aug.csv|table_robustness_stability_long.csv
aug_train,noise3_only,Standard Transformer,transformer,transformer_joint,joint,joint_accuracy,0.9351935386657716,results_aug.csv|table_robustness_stability_long.csv
aug_train,bias5_only,CNN,cnn,cnn_multitask,multitask,joint_accuracy,0.8370837083708371,results_aug.csv|table_robustness_stability_long.csv
aug_train,bias5_only,LSTM,lstm,lstm_multitask,multitask,joint_accuracy,0.9486948694869488,results_aug.csv|table_robustness_stability_long.csv
aug_train,bias5_only,MLP,mlp,mlp_multitask,multitask,joint_accuracy,0.9270927092709272,results_aug.csv|table_robustness_stability_long.csv
aug_train,bias5_only,Set Transformer,set_transformer,set_transformer_multitask,multitask,joint_accuracy,0.9351935386657716,results_aug.csv|table_robustness_stability_long.csv
aug_train,bias5_only,Standard Transformer,transformer,transformer_multitask,multitask,joint_accuracy,0.958595871925354,results_aug.csv|table_robustness_stability_long.csv
aug_train,clean,CNN,cnn,cnn_multitask,multitask,joint_accuracy,0.8433843384338434,results_aug.csv|table_robustness_stability_long.csv
aug_train,clean,LSTM,lstm,lstm_multitask,multitask,joint_accuracy,0.9531953195319532,results_aug.csv|table_robustness_stability_long.csv
aug_train,clean,MLP,mlp,mlp_multitask,multitask,joint_accuracy,0.918991899189919,results_aug.csv|table_robustness_stability_long.csv
aug_train,clean,Set Transformer,set_transformer,set_transformer_multitask,multitask,joint_accuracy,0.9387938976287842,results_aug.csv|table_robustness_stability_long.csv
aug_train,clean,Standard Transformer,transformer,transformer_multitask,multitask,joint_accuracy,0.958595871925354,results_aug.csv|table_robustness_stability_long.csv
aug_train,drop0.15_bias6_noise0,CNN,cnn,cnn_multitask,multitask,joint_accuracy,0.774977497749775,results_aug.csv|table_robustness_stability_long.csv
aug_train,drop0.15_bias6_noise0,LSTM,lstm,lstm_multitask,multitask,joint_accuracy,0.9324932493249324,results_aug.csv|table_robustness_stability_long.csv
aug_train,drop0.15_bias6_noise0,MLP,mlp,mlp_multitask,multitask,joint_accuracy,0.9072907290729072,results_aug.csv|table_robustness_stability_long.csv
aug_train,drop0.15_bias6_noise0,Set Transformer,set_transformer,set_transformer_multitask,multitask,joint_accuracy,0.9189919233322144,results_aug.csv|table_robustness_stability_long.csv
aug_train,drop0.15_bias6_noise0,Standard Transformer,transformer,transformer_multitask,multitask,joint_accuracy,0.9468947052955629,results_aug.csv|table_robustness_stability_long.csv
aug_train,drop0.25_bias3_noise1,CNN,cnn,cnn_multitask,multitask,joint_accuracy,0.7191719171917191,results_aug.csv|table_robustness_stability_long.csv
aug_train,drop0.25_bias3_noise1,LSTM,lstm,lstm_multitask,multitask,joint_accuracy,0.9108910891089108,results_aug.csv|table_robustness_stability_long.csv
aug_train,drop0.25_bias3_noise1,MLP,mlp,mlp_multitask,multitask,joint_accuracy,0.8901890189018902,results_aug.csv|table_robustness_stability_long.csv
aug_train,drop0.25_bias3_noise1,Set Transformer,set_transformer,set_transformer_multitask,multitask,joint_accuracy,0.9135913848876952,results_aug.csv|table_robustness_stability_long.csv
aug_train,drop0.25_bias3_noise1,Standard Transformer,transformer,transformer_multitask,multitask,joint_accuracy,0.932493269443512,results_aug.csv|table_robustness_stability_long.csv
aug_train,drop0.35_bias4_noise2,CNN,cnn,cnn_multitask,multitask,joint_accuracy,0.648964896489649,results_aug.csv|table_robustness_stability_long.csv
aug_train,drop0.35_bias4_noise2,LSTM,lstm,lstm_multitask,multitask,joint_accuracy,0.8928892889288929,results_aug.csv|table_robustness_stability_long.csv
aug_train,drop0.35_bias4_noise2,MLP,mlp,mlp_multitask,multitask,joint_accuracy,0.8802880288028803,results_aug.csv|table_robustness_stability_long.csv
aug_train,drop0.35_bias4_noise2,Set Transformer,set_transformer,set_transformer_multitask,multitask,joint_accuracy,0.8883888721466064,results_aug.csv|table_robustness_stability_long.csv
aug_train,drop0.35_bias4_noise2,Standard Transformer,transformer,transformer_multitask,multitask,joint_accuracy,0.9162916541099548,results_aug.csv|table_robustness_stability_long.csv
aug_train,drop0.40_bias5_noise3,CNN,cnn,cnn_multitask,multitask,joint_accuracy,0.5688568856885688,results_aug.csv|table_robustness_stability_long.csv
aug_train,drop0.40_bias5_noise3,LSTM,lstm,lstm_multitask,multitask,joint_accuracy,0.8667866786678667,results_aug.csv|table_robustness_stability_long.csv
aug_train,drop0.40_bias5_noise3,MLP,mlp,mlp_multitask,multitask,joint_accuracy,0.8424842484248425,results_aug.csv|table_robustness_stability_long.csv
aug_train,drop0.40_bias5_noise3,Set Transformer,set_transformer,set_transformer_multitask,multitask,joint_accuracy,0.8613861799240112,results_aug.csv|table_robustness_stability_long.csv
aug_train,drop0.40_bias5_noise3,Standard Transformer,transformer,transformer_multitask,multitask,joint_accuracy,0.8847885131835938,results_aug.csv|table_robustness_stability_long.csv
aug_train,dropout_0.05,CNN,cnn,cnn_multitask,multitask,joint_accuracy,0.8208820882088209,results_aug.csv|table_robustness_stability_long.csv
aug_train,dropout_0.05,LSTM,lstm,lstm_multitask,multitask,joint_accuracy,0.9522952295229524,results_aug.csv|table_robustness_stability_long.csv
aug_train,dropout_0.05,MLP,mlp,mlp_multitask,multitask,joint_accuracy,0.9126912691269128,results_aug.csv|table_robustness_stability_long.csv
aug_train,dropout_0.05,Set Transformer,set_transformer,set_transformer_multitask,multitask,joint_accuracy,0.937893807888031,results_aug.csv|table_robustness_stability_long.csv
aug_train,dropout_0.05,Standard Transformer,transformer,transformer_multitask,multitask,joint_accuracy,0.9567956924438475,results_aug.csv|table_robustness_stability_long.csv
aug_train,dropout_0.10,CNN,cnn,cnn_multitask,multitask,joint_accuracy,0.8145814581458146,results_aug.csv|table_robustness_stability_long.csv
aug_train,dropout_0.10,LSTM,lstm,lstm_multitask,multitask,joint_accuracy,0.9387938793879388,results_aug.csv|table_robustness_stability_long.csv
aug_train,dropout_0.10,MLP,mlp,mlp_multitask,multitask,joint_accuracy,0.9000900090009001,results_aug.csv|table_robustness_stability_long.csv
aug_train,dropout_0.10,Set Transformer,set_transformer,set_transformer_multitask,multitask,joint_accuracy,0.922592282295227,results_aug.csv|table_robustness_stability_long.csv
aug_train,dropout_0.10,Standard Transformer,transformer,transformer_multitask,multitask,joint_accuracy,0.9468947052955629,results_aug.csv|table_robustness_stability_long.csv
aug_train,dropout_0.15,CNN,cnn,cnn_multitask,multitask,joint_accuracy,0.774077407740774,results_aug.csv|table_robustness_stability_long.csv
aug_train,dropout_0.15,LSTM,lstm,lstm_multitask,multitask,joint_accuracy,0.936093609360936,results_aug.csv|table_robustness_stability_long.csv
aug_train,dropout_0.15,MLP,mlp,mlp_multitask,multitask,joint_accuracy,0.9054905490549054,results_aug.csv|table_robustness_stability_long.csv
aug_train,dropout_0.15,Set Transformer,set_transformer,set_transformer_multitask,multitask,joint_accuracy,0.9189919233322144,results_aug.csv|table_robustness_stability_long.csv
aug_train,dropout_0.15,Standard Transformer,transformer,transformer_multitask,multitask,joint_accuracy,0.9369937181472778,results_aug.csv|table_robustness_stability_long.csv
aug_train,dropout_0.20,CNN,cnn,cnn_multitask,multitask,joint_accuracy,0.7461746174617462,results_aug.csv|table_robustness_stability_long.csv
aug_train,dropout_0.20,LSTM,lstm,lstm_multitask,multitask,joint_accuracy,0.9306930693069309,results_aug.csv|table_robustness_stability_long.csv
aug_train,dropout_0.20,MLP,mlp,mlp_multitask,multitask,joint_accuracy,0.8964896489648965,results_aug.csv|table_robustness_stability_long.csv
aug_train,dropout_0.20,Set Transformer,set_transformer,set_transformer_multitask,multitask,joint_accuracy,0.9189919233322144,results_aug.csv|table_robustness_stability_long.csv
aug_train,dropout_0.20,Standard Transformer,transformer,transformer_multitask,multitask,joint_accuracy,0.94329434633255,results_aug.csv|table_robustness_stability_long.csv
aug_train,dropout_0.25,CNN,cnn,cnn_multitask,multitask,joint_accuracy,0.72997299729973,results_aug.csv|table_robustness_stability_long.csv
aug_train,dropout_0.25,LSTM,lstm,lstm_multitask,multitask,joint_accuracy,0.9306930693069309,results_aug.csv|table_robustness_stability_long.csv
aug_train,dropout_0.25,MLP,mlp,mlp_multitask,multitask,joint_accuracy,0.882988298829883,results_aug.csv|table_robustness_stability_long.csv
aug_train,dropout_0.25,Set Transformer,set_transformer,set_transformer_multitask,multitask,joint_accuracy,0.9099910259246826,results_aug.csv|table_robustness_stability_long.csv
aug_train,dropout_0.25,Standard Transformer,transformer,transformer_multitask,multitask,joint_accuracy,0.932493269443512,results_aug.csv|table_robustness_stability_long.csv
aug_train,dropout_0.30,CNN,cnn,cnn_multitask,multitask,joint_accuracy,0.6903690369036903,results_aug.csv|table_robustness_stability_long.csv
aug_train,dropout_0.30,LSTM,lstm,lstm_multitask,multitask,joint_accuracy,0.90999099909991,results_aug.csv|table_robustness_stability_long.csv
aug_train,dropout_0.30,MLP,mlp,mlp_multitask,multitask,joint_accuracy,0.8802880288028803,results_aug.csv|table_robustness_stability_long.csv
aug_train,dropout_0.30,Set Transformer,set_transformer,set_transformer_multitask,multitask,joint_accuracy,0.9027903079986572,results_aug.csv|table_robustness_stability_long.csv
aug_train,dropout_0.30,Standard Transformer,transformer,transformer_multitask,multitask,joint_accuracy,0.917191743850708,results_aug.csv|table_robustness_stability_long.csv
aug_train,dropout_0.35,CNN,cnn,cnn_multitask,multitask,joint_accuracy,0.639063906390639,results_aug.csv|table_robustness_stability_long.csv
aug_train,dropout_0.35,LSTM,lstm,lstm_multitask,multitask,joint_accuracy,0.8757875787578758,results_aug.csv|table_robustness_stability_long.csv
aug_train,dropout_0.35,MLP,mlp,mlp_multitask,multitask,joint_accuracy,0.8505850585058505,results_aug.csv|table_robustness_stability_long.csv
aug_train,dropout_0.35,Set Transformer,set_transformer,set_transformer_multitask,multitask,joint_accuracy,0.8631863594055176,results_aug.csv|table_robustness_stability_long.csv
aug_train,dropout_0.35,Standard Transformer,transformer,transformer_multitask,multitask,joint_accuracy,0.8955895900726318,results_aug.csv|table_robustness_stability_long.csv
aug_train,dropout_0.40,CNN,cnn,cnn_multitask,multitask,joint_accuracy,0.5706570657065707,results_aug.csv|table_robustness_stability_long.csv
aug_train,dropout_0.40,LSTM,lstm,lstm_multitask,multitask,joint_accuracy,0.8667866786678667,results_aug.csv|table_robustness_stability_long.csv
aug_train,dropout_0.40,MLP,mlp,mlp_multitask,multitask,joint_accuracy,0.8541854185418541,results_aug.csv|table_robustness_stability_long.csv
aug_train,dropout_0.40,Set Transformer,set_transformer,set_transformer_multitask,multitask,joint_accuracy,0.8649865388870239,results_aug.csv|table_robustness_stability_long.csv
aug_train,dropout_0.40,Standard Transformer,transformer,transformer_multitask,multitask,joint_accuracy,0.8892889618873596,results_aug.csv|table_robustness_stability_long.csv
aug_train,dropout_0.45,CNN,cnn,cnn_multitask,multitask,joint_accuracy,0.5184518451845185,results_aug.csv|table_robustness_stability_long.csv
aug_train,dropout_0.45,LSTM,lstm,lstm_multitask,multitask,joint_accuracy,0.8586858685868587,results_aug.csv|table_robustness_stability_long.csv
aug_train,dropout_0.45,MLP,mlp,mlp_multitask,multitask,joint_accuracy,0.8244824482448245,results_aug.csv|table_robustness_stability_long.csv
aug_train,dropout_0.45,Set Transformer,set_transformer,set_transformer_multitask,multitask,joint_accuracy,0.8397840261459351,results_aug.csv|table_robustness_stability_long.csv
aug_train,dropout_0.45,Standard Transformer,transformer,transformer_multitask,multitask,joint_accuracy,0.8685868978500366,results_aug.csv|table_robustness_stability_long.csv
aug_train,dropout_0.50,CNN,cnn,cnn_multitask,multitask,joint_accuracy,0.4869486948694869,results_aug.csv|table_robustness_stability_long.csv
aug_train,dropout_0.50,LSTM,lstm,lstm_multitask,multitask,joint_accuracy,0.8343834383438344,results_aug.csv|table_robustness_stability_long.csv
aug_train,dropout_0.50,MLP,mlp,mlp_multitask,multitask,joint_accuracy,0.8091809180918091,results_aug.csv|table_robustness_stability_long.csv
aug_train,dropout_0.50,Set Transformer,set_transformer,set_transformer_multitask,multitask,joint_accuracy,0.8298830389976501,results_aug.csv|table_robustness_stability_long.csv
aug_train,dropout_0.50,Standard Transformer,transformer,transformer_multitask,multitask,joint_accuracy,0.8541854619979858,results_aug.csv|table_robustness_stability_long.csv
aug_train,dropout_0.60,CNN,cnn,cnn_multitask,multitask,joint_accuracy,0.3654365436543654,results_aug.csv|table_robustness_stability_long.csv
aug_train,dropout_0.60,LSTM,lstm,lstm_multitask,multitask,joint_accuracy,0.7551755175517552,results_aug.csv|table_robustness_stability_long.csv
aug_train,dropout_0.60,MLP,mlp,mlp_multitask,multitask,joint_accuracy,0.7398739873987399,results_aug.csv|table_robustness_stability_long.csv
aug_train,dropout_0.60,Set Transformer,set_transformer,set_transformer_multitask,multitask,joint_accuracy,0.7650765180587769,results_aug.csv|table_robustness_stability_long.csv
aug_train,dropout_0.60,Standard Transformer,transformer,transformer_multitask,multitask,joint_accuracy,0.786678671836853,results_aug.csv|table_robustness_stability_long.csv
aug_train,noise3_only,CNN,cnn,cnn_multitask,multitask,joint_accuracy,0.8271827182718272,results_aug.csv|table_robustness_stability_long.csv
aug_train,noise3_only,LSTM,lstm,lstm_multitask,multitask,joint_accuracy,0.946894689468947,results_aug.csv|table_robustness_stability_long.csv
aug_train,noise3_only,MLP,mlp,mlp_multitask,multitask,joint_accuracy,0.9135913591359136,results_aug.csv|table_robustness_stability_long.csv
aug_train,noise3_only,Set Transformer,set_transformer,set_transformer_multitask,multitask,joint_accuracy,0.9297930002212524,results_aug.csv|table_robustness_stability_long.csv
aug_train,noise3_only,Standard Transformer,transformer,transformer_multitask,multitask,joint_accuracy,0.9504950642585754,results_aug.csv|table_robustness_stability_long.csv
clean_train,bias5_only,CNN,cnn,cnn_coordinate,coordinate,coordinate_mean_euclidean_m,40.996322598994645,results_clean.csv|table_robustness_stability_long.csv
clean_train,bias5_only,LSTM,lstm,lstm_coordinate,coordinate,coordinate_mean_euclidean_m,11.5403186187779,results_clean.csv|table_robustness_stability_long.csv
clean_train,bias5_only,MLP,mlp,mlp_coordinate,coordinate,coordinate_mean_euclidean_m,9.326093979276086,results_clean.csv|table_robustness_stability_long.csv
clean_train,bias5_only,Set Transformer,set_transformer,set_transformer_coordinate,coordinate,coordinate_mean_euclidean_m,10.023268137763676,results_clean.csv|table_robustness_stability_long.csv
clean_train,bias5_only,Standard Transformer,transformer,transformer_coordinate,coordinate,coordinate_mean_euclidean_m,10.056637154873634,results_clean.csv|table_robustness_stability_long.csv
clean_train,clean,CNN,cnn,cnn_coordinate,coordinate,coordinate_mean_euclidean_m,41.30506248091811,results_clean.csv|table_robustness_stability_long.csv
clean_train,clean,LSTM,lstm,lstm_coordinate,coordinate,coordinate_mean_euclidean_m,11.401042557898691,results_clean.csv|table_robustness_stability_long.csv
clean_train,clean,MLP,mlp,mlp_coordinate,coordinate,coordinate_mean_euclidean_m,9.388508214400805,results_clean.csv|table_robustness_stability_long.csv
clean_train,clean,Set Transformer,set_transformer,set_transformer_coordinate,coordinate,coordinate_mean_euclidean_m,9.704124797858185,results_clean.csv|table_robustness_stability_long.csv
clean_train,clean,Standard Transformer,transformer,transformer_coordinate,coordinate,coordinate_mean_euclidean_m,9.708189341171643,results_clean.csv|table_robustness_stability_long.csv
clean_train,drop0.15_bias6_noise0,CNN,cnn,cnn_coordinate,coordinate,coordinate_mean_euclidean_m,67.15701035539092,results_clean.csv|table_robustness_stability_long.csv
clean_train,drop0.15_bias6_noise0,LSTM,lstm,lstm_coordinate,coordinate,coordinate_mean_euclidean_m,13.547466142384764,results_clean.csv|table_robustness_stability_long.csv
clean_train,drop0.15_bias6_noise0,MLP,mlp,mlp_coordinate,coordinate,coordinate_mean_euclidean_m,10.866221947297666,results_clean.csv|table_robustness_stability_long.csv
clean_train,drop0.15_bias6_noise0,Set Transformer,set_transformer,set_transformer_coordinate,coordinate,coordinate_mean_euclidean_m,10.64345340362172,results_clean.csv|table_robustness_stability_long.csv
clean_train,drop0.15_bias6_noise0,Standard Transformer,transformer,transformer_coordinate,coordinate,coordinate_mean_euclidean_m,10.742434633058151,results_clean.csv|table_robustness_stability_long.csv
clean_train,drop0.25_bias3_noise1,CNN,cnn,cnn_coordinate,coordinate,coordinate_mean_euclidean_m,88.63825779648785,results_clean.csv|table_robustness_stability_long.csv
clean_train,drop0.25_bias3_noise1,LSTM,lstm,lstm_coordinate,coordinate,coordinate_mean_euclidean_m,15.956153589304435,results_clean.csv|table_robustness_stability_long.csv
clean_train,drop0.25_bias3_noise1,MLP,mlp,mlp_coordinate,coordinate,coordinate_mean_euclidean_m,12.627411858431646,results_clean.csv|table_robustness_stability_long.csv
clean_train,drop0.25_bias3_noise1,Set Transformer,set_transformer,set_transformer_coordinate,coordinate,coordinate_mean_euclidean_m,11.364315155394582,results_clean.csv|table_robustness_stability_long.csv
clean_train,drop0.25_bias3_noise1,Standard Transformer,transformer,transformer_coordinate,coordinate,coordinate_mean_euclidean_m,11.223052381526884,results_clean.csv|table_robustness_stability_long.csv
clean_train,drop0.35_bias4_noise2,CNN,cnn,cnn_coordinate,coordinate,coordinate_mean_euclidean_m,111.13030441571689,results_clean.csv|table_robustness_stability_long.csv
clean_train,drop0.35_bias4_noise2,LSTM,lstm,lstm_coordinate,coordinate,coordinate_mean_euclidean_m,18.485800991313674,results_clean.csv|table_robustness_stability_long.csv
clean_train,drop0.35_bias4_noise2,MLP,mlp,mlp_coordinate,coordinate,coordinate_mean_euclidean_m,15.689653059624469,results_clean.csv|table_robustness_stability_long.csv
clean_train,drop0.35_bias4_noise2,Set Transformer,set_transformer,set_transformer_coordinate,coordinate,coordinate_mean_euclidean_m,12.104637026297468,results_clean.csv|table_robustness_stability_long.csv
clean_train,drop0.35_bias4_noise2,Standard Transformer,transformer,transformer_coordinate,coordinate,coordinate_mean_euclidean_m,12.223871079672254,results_clean.csv|table_robustness_stability_long.csv
clean_train,drop0.40_bias5_noise3,CNN,cnn,cnn_coordinate,coordinate,coordinate_mean_euclidean_m,117.86993567698016,results_clean.csv|table_robustness_stability_long.csv
clean_train,drop0.40_bias5_noise3,LSTM,lstm,lstm_coordinate,coordinate,coordinate_mean_euclidean_m,20.200376550293292,results_clean.csv|table_robustness_stability_long.csv
clean_train,drop0.40_bias5_noise3,MLP,mlp,mlp_coordinate,coordinate,coordinate_mean_euclidean_m,17.788318689939647,results_clean.csv|table_robustness_stability_long.csv
clean_train,drop0.40_bias5_noise3,Set Transformer,set_transformer,set_transformer_coordinate,coordinate,coordinate_mean_euclidean_m,13.132676993492627,results_clean.csv|table_robustness_stability_long.csv
clean_train,drop0.40_bias5_noise3,Standard Transformer,transformer,transformer_coordinate,coordinate,coordinate_mean_euclidean_m,13.236581218761401,results_clean.csv|table_robustness_stability_long.csv
clean_train,dropout_0.05,CNN,cnn,cnn_coordinate,coordinate,coordinate_mean_euclidean_m,50.12357978452688,results_clean.csv|table_robustness_stability_long.csv
clean_train,dropout_0.05,LSTM,lstm,lstm_coordinate,coordinate,coordinate_mean_euclidean_m,12.322881036320874,results_clean.csv|table_robustness_stability_long.csv
clean_train,dropout_0.05,MLP,mlp,mlp_coordinate,coordinate,coordinate_mean_euclidean_m,9.881642891674037,results_clean.csv|table_robustness_stability_long.csv
clean_train,dropout_0.05,Set Transformer,set_transformer,set_transformer_coordinate,coordinate,coordinate_mean_euclidean_m,9.985899945461147,results_clean.csv|table_robustness_stability_long.csv
clean_train,dropout_0.05,Standard Transformer,transformer,transformer_coordinate,coordinate,coordinate_mean_euclidean_m,9.890901162011081,results_clean.csv|table_robustness_stability_long.csv
clean_train,dropout_0.10,CNN,cnn,cnn_coordinate,coordinate,coordinate_mean_euclidean_m,58.915354445921025,results_clean.csv|table_robustness_stability_long.csv
clean_train,dropout_0.10,LSTM,lstm,lstm_coordinate,coordinate,coordinate_mean_euclidean_m,13.339534634910294,results_clean.csv|table_robustness_stability_long.csv
clean_train,dropout_0.10,MLP,mlp,mlp_coordinate,coordinate,coordinate_mean_euclidean_m,10.762262532298404,results_clean.csv|table_robustness_stability_long.csv
clean_train,dropout_0.10,Set Transformer,set_transformer,set_transformer_coordinate,coordinate,coordinate_mean_euclidean_m,10.321359728901069,results_clean.csv|table_robustness_stability_long.csv
clean_train,dropout_0.10,Standard Transformer,transformer,transformer_coordinate,coordinate,coordinate_mean_euclidean_m,10.266286981375096,results_clean.csv|table_robustness_stability_long.csv
clean_train,dropout_0.15,CNN,cnn,cnn_coordinate,coordinate,coordinate_mean_euclidean_m,73.8486076404501,results_clean.csv|table_robustness_stability_long.csv
clean_train,dropout_0.15,LSTM,lstm,lstm_coordinate,coordinate,coordinate_mean_euclidean_m,14.455361432735423,results_clean.csv|table_robustness_stability_long.csv
clean_train,dropout_0.15,MLP,mlp,mlp_coordinate,coordinate,coordinate_mean_euclidean_m,11.421906817098261,results_clean.csv|table_robustness_stability_long.csv
clean_train,dropout_0.15,Set Transformer,set_transformer,set_transformer_coordinate,coordinate,coordinate_mean_euclidean_m,10.501711236197348,results_clean.csv|table_robustness_stability_long.csv
clean_train,dropout_0.15,Standard Transformer,transformer,transformer_coordinate,coordinate,coordinate_mean_euclidean_m,10.527021935364393,results_clean.csv|table_robustness_stability_long.csv
clean_train,dropout_0.20,CNN,cnn,cnn_coordinate,coordinate,coordinate_mean_euclidean_m,82.08299139470299,results_clean.csv|table_robustness_stability_long.csv
clean_train,dropout_0.20,LSTM,lstm,lstm_coordinate,coordinate,coordinate_mean_euclidean_m,15.412918911878085,results_clean.csv|table_robustness_stability_long.csv
clean_train,dropout_0.20,MLP,mlp,mlp_coordinate,coordinate,coordinate_mean_euclidean_m,12.316038245070647,results_clean.csv|table_robustness_stability_long.csv
clean_train,dropout_0.20,Set Transformer,set_transformer,set_transformer_coordinate,coordinate,coordinate_mean_euclidean_m,10.83778592583929,results_clean.csv|table_robustness_stability_long.csv
clean_train,dropout_0.20,Standard Transformer,transformer,transformer_coordinate,coordinate,coordinate_mean_euclidean_m,10.935999662419519,results_clean.csv|table_robustness_stability_long.csv
clean_train,dropout_0.25,CNN,cnn,cnn_coordinate,coordinate,coordinate_mean_euclidean_m,91.5518551054034,results_clean.csv|table_robustness_stability_long.csv
clean_train,dropout_0.25,LSTM,lstm,lstm_coordinate,coordinate,coordinate_mean_euclidean_m,16.316346407156548,results_clean.csv|table_robustness_stability_long.csv
clean_train,dropout_0.25,MLP,mlp,mlp_coordinate,coordinate,coordinate_mean_euclidean_m,13.151477010353997,results_clean.csv|table_robustness_stability_long.csv
clean_train,dropout_0.25,Set Transformer,set_transformer,set_transformer_coordinate,coordinate,coordinate_mean_euclidean_m,11.209502164636351,results_clean.csv|table_robustness_stability_long.csv
clean_train,dropout_0.25,Standard Transformer,transformer,transformer_coordinate,coordinate,coordinate_mean_euclidean_m,11.182703822358523,results_clean.csv|table_robustness_stability_long.csv
clean_train,dropout_0.30,CNN,cnn,cnn_coordinate,coordinate,coordinate_mean_euclidean_m,97.18036310931359,results_clean.csv|table_robustness_stability_long.csv
clean_train,dropout_0.30,LSTM,lstm,lstm_coordinate,coordinate,coordinate_mean_euclidean_m,17.23345887593222,results_clean.csv|table_robustness_stability_long.csv
clean_train,dropout_0.30,MLP,mlp,mlp_coordinate,coordinate,coordinate_mean_euclidean_m,13.701122251995258,results_clean.csv|table_robustness_stability_long.csv
clean_train,dropout_0.30,Set Transformer,set_transformer,set_transformer_coordinate,coordinate,coordinate_mean_euclidean_m,11.547374553024927,results_clean.csv|table_robustness_stability_long.csv
clean_train,dropout_0.30,Standard Transformer,transformer,transformer_coordinate,coordinate,coordinate_mean_euclidean_m,11.502039952020287,results_clean.csv|table_robustness_stability_long.csv
clean_train,dropout_0.35,CNN,cnn,cnn_coordinate,coordinate,coordinate_mean_euclidean_m,110.63166133879712,results_clean.csv|table_robustness_stability_long.csv
clean_train,dropout_0.35,LSTM,lstm,lstm_coordinate,coordinate,coordinate_mean_euclidean_m,19.186054775719665,results_clean.csv|table_robustness_stability_long.csv
clean_train,dropout_0.35,MLP,mlp,mlp_coordinate,coordinate,coordinate_mean_euclidean_m,16.05485619933117,results_clean.csv|table_robustness_stability_long.csv
clean_train,dropout_0.35,Set Transformer,set_transformer,set_transformer_coordinate,coordinate,coordinate_mean_euclidean_m,12.23513768913992,results_clean.csv|table_robustness_stability_long.csv
clean_train,dropout_0.35,Standard Transformer,transformer,transformer_coordinate,coordinate,coordinate_mean_euclidean_m,12.564887631499534,results_clean.csv|table_robustness_stability_long.csv
clean_train,dropout_0.40,CNN,cnn,cnn_coordinate,coordinate,coordinate_mean_euclidean_m,120.60323817274622,results_clean.csv|table_robustness_stability_long.csv
clean_train,dropout_0.40,LSTM,lstm,lstm_coordinate,coordinate,coordinate_mean_euclidean_m,21.53624750525392,results_clean.csv|table_robustness_stability_long.csv
clean_train,dropout_0.40,MLP,mlp,mlp_coordinate,coordinate,coordinate_mean_euclidean_m,18.623691514593474,results_clean.csv|table_robustness_stability_long.csv
clean_train,dropout_0.40,Set Transformer,set_transformer,set_transformer_coordinate,coordinate,coordinate_mean_euclidean_m,13.018049619353443,results_clean.csv|table_robustness_stability_long.csv
clean_train,dropout_0.40,Standard Transformer,transformer,transformer_coordinate,coordinate,coordinate_mean_euclidean_m,13.538130878569323,results_clean.csv|table_robustness_stability_long.csv
clean_train,dropout_0.45,CNN,cnn,cnn_coordinate,coordinate,coordinate_mean_euclidean_m,132.9199450245015,results_clean.csv|table_robustness_stability_long.csv
clean_train,dropout_0.45,LSTM,lstm,lstm_coordinate,coordinate,coordinate_mean_euclidean_m,23.373069652131505,results_clean.csv|table_robustness_stability_long.csv
clean_train,dropout_0.45,MLP,mlp,mlp_coordinate,coordinate,coordinate_mean_euclidean_m,22.59293791655611,results_clean.csv|table_robustness_stability_long.csv
clean_train,dropout_0.45,Set Transformer,set_transformer,set_transformer_coordinate,coordinate,coordinate_mean_euclidean_m,14.028396594634318,results_clean.csv|table_robustness_stability_long.csv
clean_train,dropout_0.45,Standard Transformer,transformer,transformer_coordinate,coordinate,coordinate_mean_euclidean_m,14.379900224032443,results_clean.csv|table_robustness_stability_long.csv
clean_train,dropout_0.50,CNN,cnn,cnn_coordinate,coordinate,coordinate_mean_euclidean_m,137.79149040502114,results_clean.csv|table_robustness_stability_long.csv
clean_train,dropout_0.50,LSTM,lstm,lstm_coordinate,coordinate,coordinate_mean_euclidean_m,25.806016576556516,results_clean.csv|table_robustness_stability_long.csv
clean_train,dropout_0.50,MLP,mlp,mlp_coordinate,coordinate,coordinate_mean_euclidean_m,26.46284284377969,results_clean.csv|table_robustness_stability_long.csv
clean_train,dropout_0.50,Set Transformer,set_transformer,set_transformer_coordinate,coordinate,coordinate_mean_euclidean_m,15.24152311746591,results_clean.csv|table_robustness_stability_long.csv
clean_train,dropout_0.50,Standard Transformer,transformer,transformer_coordinate,coordinate,coordinate_mean_euclidean_m,15.343802078323382,results_clean.csv|table_robustness_stability_long.csv
clean_train,dropout_0.60,CNN,cnn,cnn_coordinate,coordinate,coordinate_mean_euclidean_m,145.58552587930927,results_clean.csv|table_robustness_stability_long.csv
clean_train,dropout_0.60,LSTM,lstm,lstm_coordinate,coordinate,coordinate_mean_euclidean_m,29.711860194014506,results_clean.csv|table_robustness_stability_long.csv
clean_train,dropout_0.60,MLP,mlp,mlp_coordinate,coordinate,coordinate_mean_euclidean_m,34.19183030059148,results_clean.csv|table_robustness_stability_long.csv
clean_train,dropout_0.60,Set Transformer,set_transformer,set_transformer_coordinate,coordinate,coordinate_mean_euclidean_m,16.705396792757245,results_clean.csv|table_robustness_stability_long.csv
clean_train,dropout_0.60,Standard Transformer,transformer,transformer_coordinate,coordinate,coordinate_mean_euclidean_m,16.98028265923827,results_clean.csv|table_robustness_stability_long.csv
clean_train,noise3_only,CNN,cnn,cnn_coordinate,coordinate,coordinate_mean_euclidean_m,42.64987025076,results_clean.csv|table_robustness_stability_long.csv
clean_train,noise3_only,LSTM,lstm,lstm_coordinate,coordinate,coordinate_mean_euclidean_m,11.572459603014781,results_clean.csv|table_robustness_stability_long.csv
clean_train,noise3_only,MLP,mlp,mlp_coordinate,coordinate,coordinate_mean_euclidean_m,9.447063030682017,results_clean.csv|table_robustness_stability_long.csv
clean_train,noise3_only,Set Transformer,set_transformer,set_transformer_coordinate,coordinate,coordinate_mean_euclidean_m,9.879308925172385,results_clean.csv|table_robustness_stability_long.csv
clean_train,noise3_only,Standard Transformer,transformer,transformer_coordinate,coordinate,coordinate_mean_euclidean_m,9.894788607211762,results_clean.csv|table_robustness_stability_long.csv
clean_train,bias5_only,CNN,cnn,cnn_joint,joint,joint_accuracy,0.7931761890649796,results_clean.csv|table_robustness_stability_long.csv
clean_train,bias5_only,LSTM,lstm,lstm_joint,joint,joint_accuracy,0.9141539316624403,results_clean.csv|table_robustness_stability_long.csv
clean_train,bias5_only,MLP,mlp,mlp_joint,joint,joint_accuracy,0.8788535371422768,results_clean.csv|table_robustness_stability_long.csv
clean_train,bias5_only,Set Transformer,set_transformer,set_transformer_joint,joint,joint_accuracy,0.9005119465291499,results_clean.csv|table_robustness_stability_long.csv
clean_train,bias5_only,Standard Transformer,transformer,transformer_joint,joint,joint_accuracy,0.9212421383708715,results_clean.csv|table_robustness_stability_long.csv
clean_train,clean,CNN,cnn,cnn_joint,joint,joint_accuracy,0.8080558534711599,results_clean.csv|table_robustness_stability_long.csv
clean_train,clean,LSTM,lstm,lstm_joint,joint,joint_accuracy,0.9175573959946632,results_clean.csv|table_robustness_stability_long.csv
clean_train,clean,MLP,mlp,mlp_joint,joint,joint_accuracy,0.879387965425849,results_clean.csv|table_robustness_stability_long.csv
clean_train,clean,Set Transformer,set_transformer,set_transformer_joint,joint,joint_accuracy,0.9097941219806671,results_clean.csv|table_robustness_stability_long.csv
clean_train,clean,Standard Transformer,transformer,transformer_joint,joint,joint_accuracy,0.9139007814228535,results_clean.csv|table_robustness_stability_long.csv
clean_train,drop0.15_bias6_noise0,CNN,cnn,cnn_joint,joint,joint_accuracy,0.6287972424179316,results_clean.csv|table_robustness_stability_long.csv
clean_train,drop0.15_bias6_noise0,LSTM,lstm,lstm_joint,joint,joint_accuracy,0.8843384589999914,results_clean.csv|table_robustness_stability_long.csv
clean_train,drop0.15_bias6_noise0,MLP,mlp,mlp_joint,joint,joint_accuracy,0.8421186245977879,results_clean.csv|table_robustness_stability_long.csv
clean_train,drop0.15_bias6_noise0,Set Transformer,set_transformer,set_transformer_joint,joint,joint_accuracy,0.8854635711759328,results_clean.csv|table_robustness_stability_long.csv
clean_train,drop0.15_bias6_noise0,Standard Transformer,transformer,transformer_joint,joint,joint_accuracy,0.9023121260106564,results_clean.csv|table_robustness_stability_long.csv
clean_train,drop0.25_bias3_noise1,CNN,cnn,cnn_joint,joint,joint_accuracy,0.5209271125495434,results_clean.csv|table_robustness_stability_long.csv
clean_train,drop0.25_bias3_noise1,LSTM,lstm,lstm_joint,joint,joint_accuracy,0.8526946790516376,results_clean.csv|table_robustness_stability_long.csv
clean_train,drop0.25_bias3_noise1,MLP,mlp,mlp_joint,joint,joint_accuracy,0.8009394630789757,results_clean.csv|table_robustness_stability_long.csv
clean_train,drop0.25_bias3_noise1,Set Transformer,set_transformer,set_transformer_joint,joint,joint_accuracy,0.8632707335054874,results_clean.csv|table_robustness_stability_long.csv
clean_train,drop0.25_bias3_noise1,Standard Transformer,transformer,transformer_joint,joint,joint_accuracy,0.8734811265021561,results_clean.csv|table_robustness_stability_long.csv
clean_train,drop0.35_bias4_noise2,CNN,cnn,cnn_joint,joint,joint_accuracy,0.3818069342523813,results_clean.csv|table_robustness_stability_long.csv
clean_train,drop0.35_bias4_noise2,LSTM,lstm,lstm_joint,joint,joint_accuracy,0.8108123783022165,results_clean.csv|table_robustness_stability_long.csv
clean_train,drop0.35_bias4_noise2,MLP,mlp,mlp_joint,joint,joint_accuracy,0.7446275986731052,results_clean.csv|table_robustness_stability_long.csv
clean_train,drop0.35_bias4_noise2,Set Transformer,set_transformer,set_transformer_joint,joint,joint_accuracy,0.8499662820249796,results_clean.csv|table_robustness_stability_long.csv
clean_train,drop0.35_bias4_noise2,Standard Transformer,transformer,transformer_joint,joint,joint_accuracy,0.8449314050376415,results_clean.csv|table_robustness_stability_long.csv
clean_train,drop0.40_bias5_noise3,CNN,cnn,cnn_joint,joint,joint_accuracy,0.3121062070131301,results_clean.csv|table_robustness_stability_long.csv
clean_train,drop0.40_bias5_noise3,LSTM,lstm,lstm_joint,joint,joint_accuracy,0.7688737660646439,results_clean.csv|table_robustness_stability_long.csv
clean_train,drop0.40_bias5_noise3,MLP,mlp,mlp_joint,joint,joint_accuracy,0.7143620811402798,results_clean.csv|table_robustness_stability_long.csv
clean_train,drop0.40_bias5_noise3,Set Transformer,set_transformer,set_transformer_joint,joint,joint_accuracy,0.8052712008357048,results_clean.csv|table_robustness_stability_long.csv
clean_train,drop0.40_bias5_noise3,Standard Transformer,transformer,transformer_joint,joint,joint_accuracy,0.8120781295001507,results_clean.csv|table_robustness_stability_long.csv
clean_train,dropout_0.05,CNN,cnn,cnn_joint,joint,joint_accuracy,0.7474685069173574,results_clean.csv|table_robustness_stability_long.csv
clean_train,dropout_0.05,LSTM,lstm,lstm_joint,joint,joint_accuracy,0.9032403435558081,results_clean.csv|table_robustness_stability_long.csv
clean_train,dropout_0.05,MLP,mlp,mlp_joint,joint,joint_accuracy,0.8690931890159845,results_clean.csv|table_robustness_stability_long.csv
clean_train,dropout_0.05,Set Transformer,set_transformer,set_transformer_joint,joint,joint_accuracy,0.9054905679076911,results_clean.csv|table_robustness_stability_long.csv
clean_train,dropout_0.05,Standard Transformer,transformer,transformer_joint,joint,joint_accuracy,0.9061937630176544,results_clean.csv|table_robustness_stability_long.csv
clean_train,dropout_0.10,CNN,cnn,cnn_joint,joint,joint_accuracy,0.6903128065168858,results_clean.csv|table_robustness_stability_long.csv
clean_train,dropout_0.10,LSTM,lstm,lstm_joint,joint,joint_accuracy,0.8810756336897613,results_clean.csv|table_robustness_stability_long.csv
clean_train,dropout_0.10,MLP,mlp,mlp_joint,joint,joint_accuracy,0.8376744315028191,results_clean.csv|table_robustness_stability_long.csv
clean_train,dropout_0.10,Set Transformer,set_transformer,set_transformer_joint,joint,joint_accuracy,0.8942113183438778,results_clean.csv|table_robustness_stability_long.csv
clean_train,dropout_0.10,Standard Transformer,transformer,transformer_joint,joint,joint_accuracy,0.9009338635951281,results_clean.csv|table_robustness_stability_long.csv
clean_train,dropout_0.15,CNN,cnn,cnn_joint,joint,joint_accuracy,0.6058730818331242,results_clean.csv|table_robustness_stability_long.csv
clean_train,dropout_0.15,LSTM,lstm,lstm_joint,joint,joint_accuracy,0.8675742875784636,results_clean.csv|table_robustness_stability_long.csv
clean_train,dropout_0.15,MLP,mlp,mlp_joint,joint,joint_accuracy,0.8121906407177448,results_clean.csv|table_robustness_stability_long.csv
clean_train,dropout_0.15,Set Transformer,set_transformer,set_transformer_joint,joint,joint_accuracy,0.8870949838310479,results_clean.csv|table_robustness_stability_long.csv
clean_train,dropout_0.15,Standard Transformer,transformer,transformer_joint,joint,joint_accuracy,0.8956177085638046,results_clean.csv|table_robustness_stability_long.csv
clean_train,dropout_0.20,CNN,cnn,cnn_joint,joint,joint_accuracy,0.5707414541393518,results_clean.csv|table_robustness_stability_long.csv
clean_train,dropout_0.20,LSTM,lstm,lstm_joint,joint,joint_accuracy,0.8639739286154509,results_clean.csv|table_robustness_stability_long.csv
clean_train,dropout_0.20,MLP,mlp,mlp_joint,joint,joint_accuracy,0.8101654388010502,results_clean.csv|table_robustness_stability_long.csv
clean_train,dropout_0.20,Set Transformer,set_transformer,set_transformer_joint,joint,joint_accuracy,0.88206010684371,results_clean.csv|table_robustness_stability_long.csv
clean_train,dropout_0.20,Standard Transformer,transformer,transformer_joint,joint,joint_accuracy,0.889767125248909,results_clean.csv|table_robustness_stability_long.csv
clean_train,dropout_0.25,CNN,cnn,cnn_joint,joint,joint_accuracy,0.4882988315075636,results_clean.csv|table_robustness_stability_long.csv
clean_train,dropout_0.25,LSTM,lstm,lstm_joint,joint,joint_accuracy,0.8436656538397074,results_clean.csv|table_robustness_stability_long.csv
clean_train,dropout_0.25,MLP,mlp,mlp_joint,joint,joint_accuracy,0.8072401471436024,results_clean.csv|table_robustness_stability_long.csv
clean_train,dropout_0.25,Set Transformer,set_transformer,set_transformer_joint,joint,joint_accuracy,0.8748593889176846,results_clean.csv|table_robustness_stability_long.csv
clean_train,dropout_0.25,Standard Transformer,transformer,transformer_joint,joint,joint_accuracy,0.8708933684974909,results_clean.csv|table_robustness_stability_long.csv
clean_train,dropout_0.30,CNN,cnn,cnn_joint,joint,joint_accuracy,0.4432099610567092,results_clean.csv|table_robustness_stability_long.csv
clean_train,dropout_0.30,LSTM,lstm,lstm_joint,joint,joint_accuracy,0.8155378494411707,results_clean.csv|table_robustness_stability_long.csv
clean_train,dropout_0.30,MLP,mlp,mlp_joint,joint,joint_accuracy,0.7741336654871702,results_clean.csv|table_robustness_stability_long.csv
clean_train,dropout_0.30,Set Transformer,set_transformer,set_transformer_joint,joint,joint_accuracy,0.8589671794325113,results_clean.csv|table_robustness_stability_long.csv
clean_train,dropout_0.30,Standard Transformer,transformer,transformer_joint,joint,joint_accuracy,0.8681368436664343,results_clean.csv|table_robustness_stability_long.csv
clean_train,dropout_0.35,CNN,cnn,cnn_joint,joint,joint_accuracy,0.3957583252340555,results_clean.csv|table_robustness_stability_long.csv
clean_train,dropout_0.35,LSTM,lstm,lstm_joint,joint,joint_accuracy,0.7887319959700108,results_clean.csv|table_robustness_stability_long.csv
clean_train,dropout_0.35,MLP,mlp,mlp_joint,joint,joint_accuracy,0.7397614885121584,results_clean.csv|table_robustness_stability_long.csv
clean_train,dropout_0.35,Set Transformer,set_transformer,set_transformer_joint,joint,joint_accuracy,0.8343553505837917,results_clean.csv|table_robustness_stability_long.csv
clean_train,dropout_0.35,Standard Transformer,transformer,transformer_joint,joint,joint_accuracy,0.8413310460746288,results_clean.csv|table_robustness_stability_long.csv
clean_train,dropout_0.40,CNN,cnn,cnn_joint,joint,joint_accuracy,0.3293204512447119,results_clean.csv|table_robustness_stability_long.csv
clean_train,dropout_0.40,LSTM,lstm,lstm_joint,joint,joint_accuracy,0.7729804255068302,results_clean.csv|table_robustness_stability_long.csv
clean_train,dropout_0.40,MLP,mlp,mlp_joint,joint,joint_accuracy,0.6905940864235163,results_clean.csv|table_robustness_stability_long.csv
clean_train,dropout_0.40,Set Transformer,set_transformer,set_transformer_joint,joint,joint_accuracy,0.834946034476161,results_clean.csv|table_robustness_stability_long.csv
clean_train,dropout_0.40,Standard Transformer,transformer,transformer_joint,joint,joint_accuracy,0.8099685441702604,results_clean.csv|table_robustness_stability_long.csv
clean_train,dropout_0.45,CNN,cnn,cnn_joint,joint,joint_accuracy,0.25970410741865635,results_clean.csv|table_robustness_stability_long.csv
clean_train,dropout_0.45,LSTM,lstm,lstm_joint,joint,joint_accuracy,0.7514626551419497,results_clean.csv|table_robustness_stability_long.csv
clean_train,dropout_0.45,MLP,mlp,mlp_joint,joint,joint_accuracy,0.6703701931983232,results_clean.csv|table_robustness_stability_long.csv
clean_train,dropout_0.45,Set Transformer,set_transformer,set_transformer_joint,joint,joint_accuracy,0.7929511666297913,results_clean.csv|table_robustness_stability_long.csv
clean_train,dropout_0.45,Standard Transformer,transformer,transformer_joint,joint,joint_accuracy,0.8002925235778093,results_clean.csv|table_robustness_stability_long.csv
clean_train,dropout_0.50,CNN,cnn,cnn_joint,joint,joint_accuracy,0.24746849760413164,results_clean.csv|table_robustness_stability_long.csv
clean_train,dropout_0.50,LSTM,lstm,lstm_joint,joint,joint_accuracy,0.7467934396117926,results_clean.csv|table_robustness_stability_long.csv
clean_train,dropout_0.50,MLP,mlp,mlp_joint,joint,joint_accuracy,0.6300067938864231,results_clean.csv|table_robustness_stability_long.csv
clean_train,dropout_0.50,Set Transformer,set_transformer,set_transformer_joint,joint,joint_accuracy,0.7791685424745083,results_clean.csv|table_robustness_stability_long.csv
clean_train,dropout_0.50,Standard Transformer,transformer,transformer_joint,joint,joint_accuracy,0.7784372195601463,results_clean.csv|table_robustness_stability_long.csv
clean_train,dropout_0.60,CNN,cnn,cnn_joint,joint,joint_accuracy,0.1777959112077951,results_clean.csv|table_robustness_stability_long.csv
clean_train,dropout_0.60,LSTM,lstm,lstm_joint,joint,joint_accuracy,0.6660947669297457,results_clean.csv|table_robustness_stability_long.csv
clean_train,dropout_0.60,MLP,mlp,mlp_joint,joint,joint_accuracy,0.557858919724822,results_clean.csv|table_robustness_stability_long.csv
clean_train,dropout_0.60,Set Transformer,set_transformer,set_transformer_joint,joint,joint_accuracy,0.715065274387598,results_clean.csv|table_robustness_stability_long.csv
clean_train,dropout_0.60,Standard Transformer,transformer,transformer_joint,joint,joint_accuracy,0.7139682900160551,results_clean.csv|table_robustness_stability_long.csv
clean_train,noise3_only,CNN,cnn,cnn_joint,joint,joint_accuracy,0.806536952033639,results_clean.csv|table_robustness_stability_long.csv
clean_train,noise3_only,LSTM,lstm,lstm_joint,joint,joint_accuracy,0.9090065434575081,results_clean.csv|table_robustness_stability_long.csv
clean_train,noise3_only,MLP,mlp,mlp_joint,joint,joint_accuracy,0.8792473264038563,results_clean.csv|table_robustness_stability_long.csv
clean_train,noise3_only,Set Transformer,set_transformer,set_transformer_joint,joint,joint_accuracy,0.8975585270673035,results_clean.csv|table_robustness_stability_long.csv
clean_train,noise3_only,Standard Transformer,transformer,transformer_joint,joint,joint_accuracy,0.9025934040546417,results_clean.csv|table_robustness_stability_long.csv
clean_train,bias5_only,CNN,cnn,cnn_multitask,multitask,joint_accuracy,0.7645139513951396,results_clean.csv|table_robustness_stability_long.csv
clean_train,bias5_only,LSTM,lstm,lstm_multitask,multitask,joint_accuracy,0.9215796579657967,results_clean.csv|table_robustness_stability_long.csv
clean_train,bias5_only,MLP,mlp,mlp_multitask,multitask,joint_accuracy,0.8736498649864988,results_clean.csv|table_robustness_stability_long.csv
clean_train,bias5_only,Set Transformer,set_transformer,set_transformer_multitask,multitask,joint_accuracy,0.9000619016587733,results_clean.csv|table_robustness_stability_long.csv
clean_train,bias5_only,Standard Transformer,transformer,transformer_multitask,multitask,joint_accuracy,0.9244205802679061,results_clean.csv|table_robustness_stability_long.csv
clean_train,clean,CNN,cnn,cnn_multitask,multitask,joint_accuracy,0.8009957245724573,results_clean.csv|table_robustness_stability_long.csv
clean_train,clean,LSTM,lstm,lstm_multitask,multitask,joint_accuracy,0.9250956345634563,results_clean.csv|table_robustness_stability_long.csv
clean_train,clean,MLP,mlp,mlp_multitask,multitask,joint_accuracy,0.8767720522052206,results_clean.csv|table_robustness_stability_long.csv
clean_train,clean,Set Transformer,set_transformer,set_transformer_multitask,multitask,joint_accuracy,0.9052374176681042,results_clean.csv|table_robustness_stability_long.csv
clean_train,clean,Standard Transformer,transformer,transformer_multitask,multitask,joint_accuracy,0.9252644143998622,results_clean.csv|table_robustness_stability_long.csv
clean_train,drop0.15_bias6_noise0,CNN,cnn,cnn_multitask,multitask,joint_accuracy,0.5912747524752475,results_clean.csv|table_robustness_stability_long.csv
clean_train,drop0.15_bias6_noise0,LSTM,lstm,lstm_multitask,multitask,joint_accuracy,0.8746624662466249,results_clean.csv|table_robustness_stability_long.csv
clean_train,drop0.15_bias6_noise0,MLP,mlp,mlp_multitask,multitask,joint_accuracy,0.8409653465346534,results_clean.csv|table_robustness_stability_long.csv
clean_train,drop0.15_bias6_noise0,Set Transformer,set_transformer,set_transformer_multitask,multitask,joint_accuracy,0.886054255068302,results_clean.csv|table_robustness_stability_long.csv
clean_train,drop0.15_bias6_noise0,Standard Transformer,transformer,transformer_multitask,multitask,joint_accuracy,0.9063344020396471,results_clean.csv|table_robustness_stability_long.csv
clean_train,drop0.25_bias3_noise1,CNN,cnn,cnn_multitask,multitask,joint_accuracy,0.4764570207020701,results_clean.csv|table_robustness_stability_long.csv
clean_train,drop0.25_bias3_noise1,LSTM,lstm,lstm_multitask,multitask,joint_accuracy,0.817450495049505,results_clean.csv|table_robustness_stability_long.csv
clean_train,drop0.25_bias3_noise1,MLP,mlp,mlp_multitask,multitask,joint_accuracy,0.7948638613861387,results_clean.csv|table_robustness_stability_long.csv
clean_train,drop0.25_bias3_noise1,Set Transformer,set_transformer,set_transformer_multitask,multitask,joint_accuracy,0.8571951277554035,results_clean.csv|table_robustness_stability_long.csv
clean_train,drop0.25_bias3_noise1,Standard Transformer,transformer,transformer_multitask,multitask,joint_accuracy,0.8898515086621046,results_clean.csv|table_robustness_stability_long.csv
clean_train,drop0.35_bias4_noise2,CNN,cnn,cnn_multitask,multitask,joint_accuracy,0.352750900090009,results_clean.csv|table_robustness_stability_long.csv
clean_train,drop0.35_bias4_noise2,LSTM,lstm,lstm_multitask,multitask,joint_accuracy,0.783978397839784,results_clean.csv|table_robustness_stability_long.csv
clean_train,drop0.35_bias4_noise2,MLP,mlp,mlp_multitask,multitask,joint_accuracy,0.7245162016201621,results_clean.csv|table_robustness_stability_long.csv
clean_train,drop0.35_bias4_noise2,Set Transformer,set_transformer,set_transformer_multitask,multitask,joint_accuracy,0.8234980180859566,results_clean.csv|table_robustness_stability_long.csv
clean_train,drop0.35_bias4_noise2,Standard Transformer,transformer,transformer_multitask,multitask,joint_accuracy,0.8606548476964235,results_clean.csv|table_robustness_stability_long.csv
clean_train,drop0.40_bias5_noise3,CNN,cnn,cnn_multitask,multitask,joint_accuracy,0.2911791179117911,results_clean.csv|table_robustness_stability_long.csv
clean_train,drop0.40_bias5_noise3,LSTM,lstm,lstm_multitask,multitask,joint_accuracy,0.7181874437443745,results_clean.csv|table_robustness_stability_long.csv
clean_train,drop0.40_bias5_noise3,MLP,mlp,mlp_multitask,multitask,joint_accuracy,0.6929567956795679,results_clean.csv|table_robustness_stability_long.csv
clean_train,drop0.40_bias5_noise3,Set Transformer,set_transformer,set_transformer_multitask,multitask,joint_accuracy,0.7863692604005337,results_clean.csv|table_robustness_stability_long.csv
clean_train,drop0.40_bias5_noise3,Standard Transformer,transformer,transformer_multitask,multitask,joint_accuracy,0.8174786679446697,results_clean.csv|table_robustness_stability_long.csv
clean_train,dropout_0.05,CNN,cnn,cnn_multitask,multitask,joint_accuracy,0.7226597659765976,results_clean.csv|table_robustness_stability_long.csv
clean_train,dropout_0.05,LSTM,lstm,lstm_multitask,multitask,joint_accuracy,0.9098784878487849,results_clean.csv|table_robustness_stability_long.csv
clean_train,dropout_0.05,MLP,mlp,mlp_multitask,multitask,joint_accuracy,0.8664491449144915,results_clean.csv|table_robustness_stability_long.csv
clean_train,dropout_0.05,Set Transformer,set_transformer,set_transformer_multitask,multitask,joint_accuracy,0.8942394461482763,results_clean.csv|table_robustness_stability_long.csv
clean_train,dropout_0.05,Standard Transformer,transformer,transformer_multitask,multitask,joint_accuracy,0.9218328222632408,results_clean.csv|table_robustness_stability_long.csv
clean_train,dropout_0.10,CNN,cnn,cnn_multitask,multitask,joint_accuracy,0.6752081458145814,results_clean.csv|table_robustness_stability_long.csv
clean_train,dropout_0.10,LSTM,lstm,lstm_multitask,multitask,joint_accuracy,0.8908922142214222,results_clean.csv|table_robustness_stability_long.csv
clean_train,dropout_0.10,MLP,mlp,mlp_multitask,multitask,joint_accuracy,0.8348334833483348,results_clean.csv|table_robustness_stability_long.csv
clean_train,dropout_0.10,Set Transformer,set_transformer,set_transformer_multitask,multitask,joint_accuracy,0.8811037614941597,results_clean.csv|table_robustness_stability_long.csv
clean_train,dropout_0.10,Standard Transformer,transformer,transformer_multitask,multitask,joint_accuracy,0.9038028996437788,results_clean.csv|table_robustness_stability_long.csv
clean_train,dropout_0.15,CNN,cnn,cnn_multitask,multitask,joint_accuracy,0.5920904590459046,results_clean.csv|table_robustness_stability_long.csv
clean_train,dropout_0.15,LSTM,lstm,lstm_multitask,multitask,joint_accuracy,0.8621174617461747,results_clean.csv|table_robustness_stability_long.csv
clean_train,dropout_0.15,MLP,mlp,mlp_multitask,multitask,joint_accuracy,0.8240324032403241,results_clean.csv|table_robustness_stability_long.csv
clean_train,dropout_0.15,Set Transformer,set_transformer,set_transformer_multitask,multitask,joint_accuracy,0.8708652406930923,results_clean.csv|table_robustness_stability_long.csv
clean_train,dropout_0.15,Standard Transformer,transformer,transformer_multitask,multitask,joint_accuracy,0.8925236500799656,results_clean.csv|table_robustness_stability_long.csv
clean_train,dropout_0.20,CNN,cnn,cnn_multitask,multitask,joint_accuracy,0.5194925742574257,results_clean.csv|table_robustness_stability_long.csv
clean_train,dropout_0.20,LSTM,lstm,lstm_multitask,multitask,joint_accuracy,0.8585733573357336,results_clean.csv|table_robustness_stability_long.csv
clean_train,dropout_0.20,MLP,mlp,mlp_multitask,multitask,joint_accuracy,0.8051867686768677,results_clean.csv|table_robustness_stability_long.csv
clean_train,dropout_0.20,Set Transformer,set_transformer,set_transformer_multitask,multitask,joint_accuracy,0.8649584017693996,results_clean.csv|table_robustness_stability_long.csv
clean_train,dropout_0.20,Standard Transformer,transformer,transformer_multitask,multitask,joint_accuracy,0.8952520471066236,results_clean.csv|table_robustness_stability_long.csv
clean_train,dropout_0.25,CNN,cnn,cnn_multitask,multitask,joint_accuracy,0.463293204320432,results_clean.csv|table_robustness_stability_long.csv
clean_train,dropout_0.25,LSTM,lstm,lstm_multitask,multitask,joint_accuracy,0.8298829882988299,results_clean.csv|table_robustness_stability_long.csv
clean_train,dropout_0.25,MLP,mlp,mlp_multitask,multitask,joint_accuracy,0.8013895139513951,results_clean.csv|table_robustness_stability_long.csv
clean_train,dropout_0.25,Set Transformer,set_transformer,set_transformer_multitask,multitask,joint_accuracy,0.853707280009985,results_clean.csv|table_robustness_stability_long.csv
clean_train,dropout_0.25,Standard Transformer,transformer,transformer_multitask,multitask,joint_accuracy,0.885632338002324,results_clean.csv|table_robustness_stability_long.csv
clean_train,dropout_0.30,CNN,cnn,cnn_multitask,multitask,joint_accuracy,0.42577070207020695,results_clean.csv|table_robustness_stability_long.csv
clean_train,dropout_0.30,LSTM,lstm,lstm_multitask,multitask,joint_accuracy,0.8081401890189019,results_clean.csv|table_robustness_stability_long.csv
clean_train,dropout_0.30,MLP,mlp,mlp_multitask,multitask,joint_accuracy,0.7700832583258326,results_clean.csv|table_robustness_stability_long.csv
clean_train,dropout_0.30,Set Transformer,set_transformer,set_transformer_multitask,multitask,joint_accuracy,0.8509507551789284,results_clean.csv|table_robustness_stability_long.csv
clean_train,dropout_0.30,Standard Transformer,transformer,transformer_multitask,multitask,joint_accuracy,0.8834664970636368,results_clean.csv|table_robustness_stability_long.csv
clean_train,dropout_0.35,CNN,cnn,cnn_multitask,multitask,joint_accuracy,0.3642551755175517,results_clean.csv|table_robustness_stability_long.csv
clean_train,dropout_0.35,LSTM,lstm,lstm_multitask,multitask,joint_accuracy,0.7674111161116113,results_clean.csv|table_robustness_stability_long.csv
clean_train,dropout_0.35,MLP,mlp,mlp_multitask,multitask,joint_accuracy,0.7210564806480648,results_clean.csv|table_robustness_stability_long.csv
clean_train,dropout_0.35,Set Transformer,set_transformer,set_transformer_multitask,multitask,joint_accuracy,0.8033021986484528,results_clean.csv|table_robustness_stability_long.csv
clean_train,dropout_0.35,Standard Transformer,transformer,transformer_multitask,multitask,joint_accuracy,0.841443557292223,results_clean.csv|table_robustness_stability_long.csv
clean_train,dropout_0.40,CNN,cnn,cnn_multitask,multitask,joint_accuracy,0.29376687668766865,results_clean.csv|table_robustness_stability_long.csv
clean_train,dropout_0.40,LSTM,lstm,lstm_multitask,multitask,joint_accuracy,0.7207189468946895,results_clean.csv|table_robustness_stability_long.csv
clean_train,dropout_0.40,MLP,mlp,mlp_multitask,multitask,joint_accuracy,0.6882594509450946,results_clean.csv|table_robustness_stability_long.csv
clean_train,dropout_0.40,Set Transformer,set_transformer,set_transformer_multitask,multitask,joint_accuracy,0.7890132740139961,results_clean.csv|table_robustness_stability_long.csv
clean_train,dropout_0.40,Standard Transformer,transformer,transformer_multitask,multitask,joint_accuracy,0.8277453165501356,results_clean.csv|table_robustness_stability_long.csv
clean_train,dropout_0.45,CNN,cnn,cnn_multitask,multitask,joint_accuracy,0.2381300630063006,results_clean.csv|table_robustness_stability_long.csv
clean_train,dropout_0.45,LSTM,lstm,lstm_multitask,multitask,joint_accuracy,0.7179342934293429,results_clean.csv|table_robustness_stability_long.csv
clean_train,dropout_0.45,MLP,mlp,mlp_multitask,multitask,joint_accuracy,0.6620162016201621,results_clean.csv|table_robustness_stability_long.csv
clean_train,dropout_0.45,Set Transformer,set_transformer,set_transformer_multitask,multitask,joint_accuracy,0.7806311883032322,results_clean.csv|table_robustness_stability_long.csv
clean_train,dropout_0.45,Standard Transformer,transformer,transformer_multitask,multitask,joint_accuracy,0.8043147996068001,results_clean.csv|table_robustness_stability_long.csv
clean_train,dropout_0.50,CNN,cnn,cnn_multitask,multitask,joint_accuracy,0.2185812331233123,results_clean.csv|table_robustness_stability_long.csv
clean_train,dropout_0.50,LSTM,lstm,lstm_multitask,multitask,joint_accuracy,0.6800461296129613,results_clean.csv|table_robustness_stability_long.csv
clean_train,dropout_0.50,MLP,mlp,mlp_multitask,multitask,joint_accuracy,0.6303161566156615,results_clean.csv|table_robustness_stability_long.csv
clean_train,dropout_0.50,Set Transformer,set_transformer,set_transformer_multitask,multitask,joint_accuracy,0.7398177441209555,results_clean.csv|table_robustness_stability_long.csv
clean_train,dropout_0.50,Standard Transformer,transformer,transformer_multitask,multitask,joint_accuracy,0.7709552235901356,results_clean.csv|table_robustness_stability_long.csv
clean_train,dropout_0.60,CNN,cnn,cnn_multitask,multitask,joint_accuracy,0.1531840684068406,results_clean.csv|table_robustness_stability_long.csv
clean_train,dropout_0.60,LSTM,lstm,lstm_multitask,multitask,joint_accuracy,0.6201901440144015,results_clean.csv|table_robustness_stability_long.csv
clean_train,dropout_0.60,MLP,mlp,mlp_multitask,multitask,joint_accuracy,0.5353285328532853,results_clean.csv|table_robustness_stability_long.csv
clean_train,dropout_0.60,Set Transformer,set_transformer,set_transformer_multitask,multitask,joint_accuracy,0.6880063265562057,results_clean.csv|table_robustness_stability_long.csv
clean_train,dropout_0.60,Standard Transformer,transformer,transformer_multitask,multitask,joint_accuracy,0.7199032567441463,results_clean.csv|table_robustness_stability_long.csv
clean_train,noise3_only,CNN,cnn,cnn_multitask,multitask,joint_accuracy,0.7937387488748875,results_clean.csv|table_robustness_stability_long.csv
clean_train,noise3_only,LSTM,lstm,lstm_multitask,multitask,joint_accuracy,0.9240549054905489,results_clean.csv|table_robustness_stability_long.csv
clean_train,noise3_only,MLP,mlp,mlp_multitask,multitask,joint_accuracy,0.874071782178218,results_clean.csv|table_robustness_stability_long.csv
clean_train,noise3_only,Set Transformer,set_transformer,set_transformer_multitask,multitask,joint_accuracy,0.8939862959086895,results_clean.csv|table_robustness_stability_long.csv
clean_train,noise3_only,Standard Transformer,transformer,transformer_multitask,multitask,joint_accuracy,0.9148852545768023,results_clean.csv|table_robustness_stability_long.csv
